cbsa,year,peducgrp,age_cat,prob_unbanked_wage,prob_unbanked_se,prob_unbanked_notwork,prob_mobile_wage,prob_mobile_se,prob_mobile_notwork,prob_branch_wage,prob_branch_se,prob_branch_notwork,pct_broadband,female,married,has_children,n
10740,2017,4,3,0,0,0,.092976883,0,0,.75323939,.15378369,0,87.800003,.63897032,.46188566,.25037962,43
10740,2019,4,3,0,0,0,.028662572,.033770192,0,.6501053,.28746197,.0238958,87.800003,.51045287,.56708461,.20891942,36
12060,2013,3,2,.13357374,0,.02626152,.026459182,0,0,.77689356,.063073546,.11473866,92.800003,.56805545,.4021104,.52970755,35
12060,2013,4,2,.039003685,0,.018245626,.088778034,0,0,.83135778,.040860493,0,92.800003,.44422817,.61394429,.47687304,45
12060,2013,3,3,.04640251,0,.04640251,.032143854,0,0,.77101612,.15043753,.05019629,92.800003,.43137935,.52463228,.23188038,36
12060,2013,4,3,.040855799,0,0,.081484184,0,0,.76700169,.11065831,.01834666,92.800003,.51243609,.45136964,.41222101,50
12060,2015,4,2,0,0,0,.10294455,0,0,.80498385,.0920716,0,92.800003,.52992594,.61890173,.55894703,33
12060,2015,4,3,.023142742,0,0,.070152484,0,.027106121,.8097142,.096990556,.032749228,92.800003,.49767387,.62635666,.33481079,38
12060,2017,4,2,.029994939,0,0,.35205507,.035850264,0,.53476393,.047335815,0,92.800003,.43106613,.40140867,.36598513,52
12060,2017,4,3,0,0,0,.27751082,.02244537,0,.54960912,.15043467,0,92.800003,.39973184,.69624811,.18089582,47
12060,2019,4,2,0,0,0,.028981149,0,.028981149,.97101885,0,0,92.800003,.50436175,.56373239,.47761279,39
12060,2019,4,3,0,0,0,.059931293,.027789282,0,.72456092,.18771853,.030566871,92.800003,.52980256,.59974349,.41251245,38
12060,2021,4,2,0,0,0,.242219,0,0,.7042799,.053501114,0,92.800003,.56481981,.43762067,.34011886,36
12060,2021,4,3,0,0,0,.29099676,0,0,.52145445,.18754876,0,92.800003,.34081718,.63505858,.41585085,32
12580,2013,4,2,0,0,0,.13527662,0,0,.81323296,.05149043,0,90.699997,.53750414,.57688028,.56418312,37
12580,2013,2,3,.034958091,0,0,.029778207,.040749833,0,.80062276,.093891084,0,90.699997,.4061484,.76629829,.13738729,30
12580,2013,3,3,.070984848,0,.040753044,.10175076,0,0,.82726437,0,.066397205,90.699997,.36320323,.42140096,.16073221,33
12580,2013,4,3,0,0,0,.036739007,.016245149,0,.85304976,.093966112,.015825929,90.699997,.44828925,.55523342,.30380201,55
14460,2013,4,2,0,0,0,.022298889,.01903248,0,.92721492,.03145371,.050337024,92.900002,.52427143,.60384202,.53920823,77
14460,2013,2,3,.07332918,0,0,0,0,0,.83072042,.09595041,.041722655,92.900002,.48863491,.56938517,.27400705,44
14460,2013,3,3,.13450554,0,.091312476,.029341873,.038098797,0,.74813783,.049915984,.045884553,92.900002,.64831471,.51906192,.2481146,49
14460,2013,4,3,0,0,0,.080312468,.014882769,0,.76585943,.13894536,.054811887,92.900002,.54242814,.48902118,.22514942,88
14460,2015,4,2,.05358592,0,0,.070079178,.016223114,0,.8109355,.049176302,.032870594,92.900002,.50986218,.72493368,.65291834,57
14460,2015,3,3,0,0,0,.025969852,0,0,.9205268,.05350332,.022794133,92.900002,.54196543,.53320956,.18092796,46
14460,2015,4,3,.015422077,0,0,.071793206,0,0,.87557304,.037211686,.0041079856,92.900002,.52933192,.59931779,.35302523,75
14460,2017,4,2,0,0,0,.16961594,0,0,.75582147,.074562609,0,92.900002,.38950688,.74829036,.51443404,40
14460,2017,2,3,.0093440386,0,0,.044320747,0,0,.77611393,.17022131,.053624313,92.900002,.41434354,.53191197,.098599799,34
14460,2017,3,3,.081580237,0,0,.0097142728,0,0,.83790159,.070803881,.010485849,92.900002,.61700594,.42523259,.1174814,36
14460,2017,4,3,.029535051,.014942401,0,.083496451,.0047606798,0,.7631104,.10415499,.041861892,92.900002,.48359475,.62010163,.33204353,85
14460,2019,4,2,0,.021221308,0,.075774126,0,0,.81575584,.08724872,.017902447,92.900002,.50586152,.65820831,.62274665,55
14460,2019,3,3,0,0,0,0,0,0,.82095343,.17904659,.041556202,92.900002,.44546625,.4962554,.24621955,36
14460,2019,4,3,0,.014225691,0,0,0,0,.8111124,.17466192,0,92.900002,.35286406,.69121057,.43796763,82
14460,2021,4,2,0,0,0,.13758862,.017218728,.026359398,.82224339,.022949263,.017551851,92.900002,.40405083,.60781676,.43149492,42
14460,2021,4,3,0,0,0,.068168461,.0044680731,0,.81747752,.10988594,.055235088,92.900002,.36113039,.64126211,.29630828,66
14460,2023,4,2,.0088905254,.024820484,0,.079887129,0,0,.78004187,.10636,0,92.900002,.46510914,.55886984,.59499639,42
14460,2023,4,3,0,0,0,.096295662,0,0,.76407719,.13962714,.031547967,92.900002,.5651446,.73118478,.34914973,47
14860,2013,4,2,.05067258,0,.05067258,.23301081,0,0,.68655717,.029759457,0,92.900002,.35853103,.71090066,.64574271,30
14860,2013,4,3,0,0,0,.074506573,.04778095,.028739119,.62654305,.25116944,.061051331,92.900002,.36226827,.76069278,.37047321,39
15540,2013,4,3,0,0,0,0,0,0,.80507475,.19492525,0,91.400002,.39454842,.70725578,.36611658,34
16740,2015,4,3,0,0,0,.056721803,0,0,.74320787,.20007032,.039969094,91.699997,.34461296,.59483492,.33948389,30
16980,2013,4,1,0,0,0,.12384059,.023195865,0,.85296357,0,0,90.800003,.3394593,.17620629,.087824576,34
16980,2013,2,2,.11231507,0,.071668148,.11122755,0,0,.680843,.095614359,.067973956,90.800003,.28203851,.45181811,.61545372,30
16980,2013,3,2,.053298555,0,.02655153,.06739407,0,0,.83373111,.045576274,.025049573,90.800003,.33182687,.55096489,.55430013,41
16980,2013,4,2,.014345105,0,0,.10298077,0,.016081359,.82063627,.062037848,.0628388,90.800003,.53342772,.64245433,.49653944,72
16980,2013,2,3,.13377346,0,.065559253,.085483439,0,0,.58286458,.19787854,.10015199,90.800003,.35233945,.55695879,.20279226,48
16980,2013,3,3,.10698716,.031781893,.03830931,.031308468,0,0,.69873631,.1311862,.10783122,90.800003,.46353108,.4957867,.21792892,65
16980,2013,4,3,.017397221,0,.0087535698,.044487964,0,0,.82688171,.11123309,.027098484,90.800003,.45495355,.61033148,.29611683,115
16980,2015,4,2,0,0,0,.13069439,0,0,.78011405,.089191541,.013021837,90.800003,.40283743,.71614087,.58164716,77
16980,2015,2,3,.16556627,0,0,.11157314,.020439342,0,.59721702,.10520419,.023791358,90.800003,.40959191,.54390907,.20378037,43
16980,2015,3,3,.076050468,0,0,.041524559,0,0,.79677743,.085647576,.084124051,90.800003,.51115394,.43687007,.23674151,52
16980,2015,4,3,0,0,0,.11121424,.0084495815,0,.70682549,.17351066,.037328009,90.800003,.37389421,.78907716,.50099576,99
16980,2017,4,2,0,0,0,.15072198,.011736856,0,.76765716,.069884017,.036588989,90.800003,.46271601,.58118677,.54692596,75
16980,2017,3,3,.055889521,0,0,.11857029,.017786767,0,.68656242,.12119099,.019546807,90.800003,.41657495,.47454342,.20838417,50
16980,2017,4,3,.015283802,.028753256,0,.086999469,.01210915,0,.76074421,.096110128,.07484255,90.800003,.35546058,.57841218,.29697314,68
16980,2019,4,2,.011514379,0,0,.026867414,0,0,.87893587,.082682334,0,90.800003,.32493401,.59641868,.44283366,70
16980,2019,4,3,.025105719,0,0,.053106841,.011598487,0,.79261798,.11757097,.030303432,90.800003,.47463092,.63762945,.34033838,86
16980,2021,4,2,0,0,0,.08608029,0,.015258783,.89752305,.016396636,0,90.800003,.45713773,.6015715,.53485119,52
16980,2021,3,3,.044270799,0,0,.043960456,0,.043960456,.82267672,.089092024,.054862019,90.800003,.43772611,.37631169,.21042086,32
16980,2021,4,3,.011552456,0,0,.083176188,.015658962,0,.77378088,.11583149,.036780104,90.800003,.46590099,.65846652,.38701957,68
16980,2023,4,2,.062764466,0,0,.14664608,.02012028,0,.73275459,.037714601,.040748227,90.800003,.45163977,.64548731,.35717437,45
16980,2023,4,3,0,0,0,.10037104,0,0,.80702507,.092603877,.036234852,90.800003,.37669179,.65577018,.45020762,52
19100,2013,3,2,.10151064,0,.02990156,.034758165,.059880644,0,.6307627,.17308782,0,92.599998,.33621767,.57399231,.50823718,32
19100,2013,4,2,.024037579,0,0,.056204755,0,0,.89632469,.023432981,0,92.599998,.36070216,.61953735,.47784749,39
19100,2013,3,3,.053104457,0,0,.055579778,0,0,.7532438,.13807198,0,92.599998,.54846412,.66900349,.31809655,36
19100,2013,4,3,.018360641,0,0,.058854964,0,0,.69365233,.22913209,0,92.599998,.43447354,.63379902,.26228711,54
19100,2015,3,2,0,0,0,.092123725,.035683867,0,.82623661,.04595577,.031436656,92.599998,.5766362,.52883518,.5985744,31
19100,2015,4,2,0,0,0,.113074,0,0,.84170014,.045225881,.023257762,92.599998,.34146628,.60437977,.56361985,44
19100,2015,4,3,0,0,0,.086214751,.042462364,0,.72660363,.14471926,0,92.599998,.38099808,.68914342,.28722253,66
19100,2017,4,2,.041252095,0,0,.10472199,.033014599,.018011441,.78286451,.038146816,0,92.599998,.44684899,.68283135,.68635088,52
19100,2017,3,3,0,0,0,.082240179,0,0,.75577545,.16198437,.033424199,92.599998,.56091195,.59179282,.25358692,34
19100,2017,4,3,0,0,0,.099253394,.013682532,.015526603,.77373374,.11333033,.055759199,92.599998,.41658542,.60582882,.348389,59
19100,2019,3,2,.035141967,0,.035141967,.12542112,0,0,.78615695,.053279944,.028367994,92.599998,.53026307,.4433957,.58664119,31
19100,2019,4,2,.026020318,0,0,.082780749,0,0,.78015488,.087769039,.023274997,92.599998,.39673412,.75050336,.60413623,47
19100,2019,3,3,.033895515,0,0,.054240692,0,0,.77115893,.14070486,0,92.599998,.55080408,.49118009,.18885778,33
19100,2019,4,3,0,0,0,.07774695,0,.038162041,.78350765,.13874538,.019927019,92.599998,.38857701,.72236532,.20393512,47
19100,2021,4,2,0,0,0,.17302717,0,0,.8046639,.022308934,.01822138,92.599998,.39141211,.65292025,.43832681,41
19100,2023,4,3,0,0,0,.20770912,0,0,.66147017,.13082069,0,92.599998,.39931998,.76283371,.31142494,37
19740,2013,4,2,0,0,0,.11744323,0,.022158829,.84226012,.040296659,.039974172,93.900002,.41232476,.59504586,.5329439,48
19740,2013,3,3,.055077381,0,.03220911,.032275103,0,0,.74223852,.17040899,.092242777,93.900002,.43335566,.59843665,.24869978,35
19740,2013,4,3,.019685831,0,0,.030307679,0,.017198756,.80197316,.14803334,.033614032,93.900002,.41154811,.54956019,.28641284,57
19740,2015,4,2,0,0,0,.19368681,.041621648,0,.64820433,.11648718,0,93.900002,.48682386,.57751727,.43423772,38
19740,2015,4,3,0,0,0,.040459033,.020007923,0,.85980624,.079726778,.051929832,93.900002,.42088133,.59529465,.21703804,30
19740,2017,4,3,0,.031879321,0,.032283328,0,0,.86696494,.068872392,0,93.900002,.37578785,.6625936,.35012361,30
19820,2013,4,2,0,0,0,.06237768,0,0,.87263298,.064989366,.051591616,90.900002,.41001946,.69503945,.69354469,33
19820,2013,3,3,0,.028945712,0,.063592978,0,0,.71196055,.19550073,.12178581,90.900002,.54847044,.54145658,.29099169,31
19820,2013,4,3,0,0,0,.022957999,0,0,.83797944,.13906255,.028833412,90.900002,.38837633,.63585961,.3603791,36
19820,2017,4,2,0,0,0,.16178504,.037031449,0,.74648654,.054696959,0,90.900002,.35529241,.62388057,.54698753,33
19820,2017,4,3,0,0,0,.13694224,0,0,.74218637,.1208714,0,90.900002,.43586162,.79476625,.53094047,39
25540,2013,4,3,0,0,0,.069222048,0,0,.83754128,.093236662,.12166815,90.800003,.54964328,.66695505,.36376721,32
26420,2013,3,2,.14720772,0,0,.14062895,0,0,.63427836,.077885002,0,91.800003,.49449083,.38329187,.58422577,34
26420,2013,4,2,0,0,0,.26550791,0,0,.71801561,.016476495,.014706141,91.800003,.39905262,.53776675,.47057614,55
26420,2013,3,3,.056350879,0,0,.10054452,0,0,.78326297,.059841622,0,91.800003,.55892432,.52121109,.18686302,31
26420,2013,4,3,.022907721,0,0,.095854215,.041194052,.019103553,.73456746,.086372972,.15158822,91.800003,.50565058,.49941897,.24357639,46
26420,2015,3,2,.085189819,0,0,.1404956,.056388482,0,.66237795,.055548135,.026655611,91.800003,.48151699,.49763706,.59411162,32
26420,2015,4,2,0,0,0,.16514941,.023729932,0,.81112069,0,0,91.800003,.31155986,.64754367,.56610781,39
26420,2015,4,3,.032663759,0,0,.09813299,0,0,.76866758,.10053565,0,91.800003,.38826254,.68401474,.32941747,43
26420,2017,4,2,.02618943,.027751166,0,.23238,0,0,.71367943,0,0,91.800003,.36701354,.62789941,.64851326,38
26420,2017,3,3,.11935557,0,.069797963,.028337574,0,0,.74721682,.10509004,.028176876,91.800003,.61135292,.54572231,.25336662,31
26420,2017,4,3,0,0,0,.090193175,.023243252,0,.83523029,.051333278,.026592486,91.800003,.45550424,.67981249,.30258259,45
26420,2019,4,2,0,.025987038,0,.023231314,0,0,.89901352,.051768132,.056326337,91.800003,.42245117,.60040545,.54536235,39
26420,2019,4,3,0,0,0,.029033536,0,0,.89422399,.076742455,.088656083,91.800003,.30737045,.59706271,.36814073,38
26420,2021,4,2,.052409332,0,0,.2970494,0,0,.55545312,.095088162,0,91.800003,.41461065,.53861713,.51754582,37
26420,2021,4,3,0,.025691643,.025691643,.27301076,.027978066,.039577354,.48981127,.18350826,.023177251,91.800003,.35844341,.66461736,.40798619,37
26420,2023,4,2,.055268291,0,0,.32550773,0,0,.48457518,.1346488,0,91.800003,.31591251,.71069825,.75478488,33
26420,2023,4,3,0,0,0,.13128096,.017525589,0,.67777056,.17342289,.022255009,91.800003,.29743868,.71093136,.4333199,50
28140,2013,4,2,.10105326,0,.051075056,.017659571,0,0,.73987782,.14140935,0,91.300003,.48246738,.69312334,.59552401,31
28140,2013,4,3,.021208147,0,0,.029341226,0,0,.87750709,.071943536,.043503016,91.300003,.3573336,.67747301,.22105049,32
28140,2015,4,3,0,0,0,.017992007,0,0,.87236446,.10964355,.016677156,91.300003,.33950236,.75489146,.43938202,45
28140,2017,4,3,0,0,0,.11939312,0,0,.81438905,.06621784,0,91.300003,.33710292,.66452712,.24492905,31
29820,2013,3,2,.11767262,0,0,.034290966,0,0,.84803641,0,.027822172,90.599998,.27654374,.57305783,.51439017,30
29820,2013,4,3,0,0,0,.082681231,0,0,.80401856,.11330022,.056497991,90.599998,.43018368,.410981,.26160637,38
29820,2019,4,3,0,0,0,0,0,0,.79251289,.20748712,.056747679,90.599998,.42460874,.45158049,.2764515,33
31080,2013,4,1,.022540104,0,0,.10237701,.025618501,0,.77729756,.07216686,.017408939,92.400002,.3537809,.239572,.1381817,38
31080,2013,1,2,.46981066,.065173067,.14240937,0,0,0,.35469586,.1103204,.026545523,92.400002,.2905038,.61107546,.78448039,31
31080,2013,2,2,.16891694,0,.025855003,.07442522,0,.029025745,.66861337,.088044479,.026901541,92.400002,.42090228,.57232571,.75256896,37
31080,2013,3,2,.10469751,0,.018778015,.071812116,.017962815,0,.64706838,.15845916,.047733195,92.400002,.3859466,.42206058,.62696844,58
31080,2013,4,2,0,0,0,.17795521,0,0,.67454565,.14749917,.053721603,92.400002,.46784136,.64261025,.46027291,72
31080,2013,1,3,.25667515,.024046009,.06476251,.070636854,0,0,.53084099,.11780099,.017150957,92.400002,.42437184,.68714547,.46397749,53
31080,2013,2,3,.031667508,0,.016165875,.15849276,0,0,.72070825,.089131474,.087047137,92.400002,.37545049,.58130342,.37506887,53
31080,2013,3,3,.025666408,0,.025666408,.068583645,0,.027330961,.80109608,.10465384,.14979064,92.400002,.49591962,.55999643,.31339595,74
31080,2013,4,3,.031602766,0,.019312395,.054312322,.032780949,.0095094303,.74534374,.13596019,.049849201,92.400002,.45154995,.57737929,.27855858,93
31080,2015,2,2,.20068379,.025378225,.05234196,.15042362,0,0,.59573513,.02777924,0,92.400002,.35018328,.57006359,.59493643,39
31080,2015,3,2,0,.036218859,0,.11856983,0,0,.78116733,.064043991,.10958659,92.400002,.27901274,.45559767,.41160047,30
31080,2015,4,2,0,0,0,.10463857,.013497013,.012914157,.72225565,.15960875,.065804355,92.400002,.43680069,.52094924,.41466814,72
31080,2015,2,3,0,0,0,.070119821,.046064641,0,.66640961,.2174059,.024649819,92.400002,.49514106,.57143617,.23632325,35
31080,2015,3,3,.038618732,0,0,.076702774,.012693834,.040374409,.7418322,.13015248,.053144056,92.400002,.48676404,.55152619,.29865322,59
31080,2015,4,3,0,0,0,.071314484,.012442959,.010979957,.75579965,.16044289,.044275776,92.400002,.33625588,.7138446,.33656019,77
31080,2017,4,2,.022403227,0,0,.14430906,.031248977,.011568056,.67202014,.11873274,.050571114,92.400002,.4352791,.55054915,.36382613,92
31080,2017,2,3,0,0,0,.25571078,0,0,.62788016,.11640907,.049601618,92.400002,.42878723,.54862338,.27421576,40
31080,2017,3,3,.034638982,0,0,.10654396,.071437828,.036522228,.67063344,.11674581,.063899182,92.400002,.54154217,.43054003,.23455814,48
31080,2017,4,3,.012044884,0,0,.1058872,.010856292,.021266812,.70708776,.16412389,.023639796,92.400002,.37625921,.59504855,.4371902,92
31080,2019,3,2,.10433266,0,.041819867,0,0,0,.76885563,.12681174,0,92.400002,.37952036,.34530762,.51682979,32
31080,2019,4,2,.015023533,0,.015023533,.031075248,.014613729,0,.75991315,.17937435,.061186135,92.400002,.44260311,.44016334,.27091774,70
31080,2019,1,3,.20800054,0,0,.051490422,0,.028056545,.62176126,.11874779,0,92.400002,.35564446,.63795698,.46602467,35
31080,2019,2,3,.03229316,0,0,.026382135,0,0,.80771464,.13361005,.027244305,92.400002,.42088458,.46749488,.076131046,35
31080,2019,3,3,.053900912,.025879234,0,.02017297,0,0,.80593044,.094116464,.018689532,92.400002,.44921842,.62897956,.37833276,49
31080,2019,4,3,0,0,0,.046777833,0,0,.71450144,.23872073,.028196862,92.400002,.41735238,.619093,.25823224,101
31080,2021,4,2,0,0,0,.098095633,0,.016205009,.70455253,.19735186,.018452924,92.400002,.38925624,.46885297,.36577713,58
31080,2021,2,3,.032832574,0,0,.033117626,0,0,.78209144,.15195838,0,92.400002,.33762378,.65010738,.13972631,32
31080,2021,3,3,0,0,0,.062772326,.02149339,0,.78295267,.13278161,.023388708,92.400002,.35983965,.56353605,.31492129,41
31080,2021,4,3,.014105346,0,0,.065571502,0,.013426229,.69831753,.22200561,.066830806,92.400002,.46521792,.62577099,.3438614,73
31080,2023,2,2,.036690909,.06129365,0,.115711,0,0,.78630441,0,.082705393,92.400002,.3318823,.39727274,.51336485,31
31080,2023,4,2,.026458383,0,0,.17173,0,0,.64503711,.15677449,.059835561,92.400002,.43618336,.46858737,.32066101,74
31080,2023,2,3,.042974226,0,0,.17218256,0,0,.73266643,.052176796,.045312792,92.400002,.46244779,.52004379,.3560732,43
31080,2023,3,3,0,0,0,.077864856,0,.026969029,.81234878,.10978635,0,92.400002,.45938772,.76128763,.42948854,31
31080,2023,4,3,.028780902,0,0,.10581668,0,0,.70352614,.16187628,.039947733,92.400002,.4410592,.56990701,.33459401,76
31700,2017,4,3,0,0,0,.1311591,0,0,.67123026,.19761063,.062949531,92.800003,.54609925,.59760141,.39578828,31
33100,2013,4,2,0,.030957198,0,.030957198,.025726512,0,.88902652,.023332594,.084560692,89.199997,.51860607,.54305667,.60489231,35
33100,2013,2,3,.065902703,0,.031754401,.031547345,0,0,.78052044,.12202951,.034083385,89.199997,.57601374,.43576178,.14811699,31
33100,2013,3,3,.025327981,0,0,.019233262,.044567995,0,.80241454,.10845625,.019604031,89.199997,.63205707,.47690415,.20654017,43
33100,2013,4,3,0,0,0,.081028894,0,0,.77656126,.14240983,.035183042,89.199997,.33131361,.41134283,.15828453,53
33100,2015,4,2,0,0,0,.1703546,0,0,.66870844,.16093698,.052503403,89.199997,.48674402,.36980224,.3897115,35
33100,2015,3,3,.02662014,0,0,.2133366,.030866282,0,.55900717,.17016979,.026686268,89.199997,.34292912,.62977332,.30671978,35
33100,2015,4,3,.022755962,0,0,.13023241,.020066345,0,.66761553,.15932974,.035387263,89.199997,.41392991,.52767664,.24592258,45
33100,2017,4,2,.030741446,0,.042586606,.15168579,0,0,.57482362,.20016256,0,89.199997,.29909799,.64253467,.47516322,30
33100,2017,3,3,.085009277,0,.085009277,.18637711,0,0,.63919801,.089415595,0,89.199997,.4210282,.35458115,.20006466,31
33100,2017,4,3,.027493626,0,0,.081325315,.01860149,0,.59284776,.27973178,0,89.199997,.39995962,.63617557,.2144323,46
33100,2019,4,3,0,0,0,0,.023831524,0,.71551275,.26065573,.029723797,89.199997,.60542554,.44701231,.32287544,31
33100,2021,4,3,0,0,0,.14232092,.025893411,0,.70893306,.12285261,0,89.199997,.49143508,.63688445,.4237296,31
33100,2023,4,3,0,0,0,.10111535,.13733497,0,.6463533,.11519636,0,89.199997,.37766173,.54067618,.34724388,41
33460,2013,4,1,0,0,0,0,0,0,.96377105,.03622894,0,92.800003,.57558554,.44861108,.16875803,30
33460,2013,3,2,.047327325,0,0,.02014151,.071387433,0,.81121743,.049926318,.054651778,92.800003,.50231165,.39543051,.70692259,42
33460,2013,4,2,0,0,0,.089878865,0,.014616152,.88654506,.02357606,.014616152,92.800003,.41410816,.74027896,.66140229,66
33460,2013,2,3,.090279654,0,0,.046430375,0,.024816979,.83619148,.027098477,.025088616,92.800003,.47854879,.52436978,.12891841,37
33460,2013,3,3,.014368301,0,0,.055217315,0,0,.81365299,.11676138,.028479788,92.800003,.35540804,.49724218,.21553513,68
33460,2013,4,3,0,.013570568,0,0,0,0,.83726329,.14916615,.027708666,92.800003,.4368493,.69520962,.28734589,80
33460,2015,4,2,0,0,0,.12842198,0,0,.82883328,.042744771,.091349155,92.800003,.45945013,.7279284,.67579877,40
33460,2015,4,3,0,0,0,.10782541,0,0,.77032107,.12185354,.03238003,92.800003,.39927959,.58074462,.23371483,31
33460,2017,4,2,0,0,0,.28360859,.026685474,0,.63572311,.053982809,.027792886,92.800003,.54053366,.58596951,.57218558,40
33460,2017,3,3,0,0,0,.055174563,0,0,.94482541,0,.02381954,92.800003,.46289241,.59777057,.25433359,31
33460,2017,4,3,0,0,0,.16373716,0,0,.62125188,.21501093,.072618484,92.800003,.4356434,.71724755,.45312262,41
33460,2019,4,3,.029209984,0,0,.032181654,0,0,.83300686,.10560153,.059138935,92.800003,.36706299,.5021764,.26531935,37
33460,2021,4,2,0,0,0,.1502863,0,0,.77709496,.07261873,0,92.800003,.54966587,.63421488,.59832114,43
33460,2021,4,3,0,0,0,.063268796,0,0,.88776124,.048969969,.035107464,92.800003,.44506505,.73132449,.51896262,30
33460,2023,4,2,0,0,0,.11114305,.027458059,0,.69876432,.16263457,0,92.800003,.44161329,.63036621,.54831868,31
33460,2023,4,3,0,0,0,.18649268,0,0,.69774073,.11576658,.026858054,92.800003,.46029326,.68052232,.21641745,40
35620,2013,4,1,0,0,0,.11824209,0,0,.63678676,.21561433,.029356804,90.900002,.45151433,.28406161,.097690411,37
35620,2013,1,2,.30581912,.020086266,.073580824,.047339525,0,0,.56485772,.043144561,.020086266,90.900002,.43365854,.41583019,.56686491,43
35620,2013,2,2,.21202753,0,.066580527,0,0,0,.73352873,.054443736,.056297343,90.900002,.55146366,.4455812,.70482469,49
35620,2013,3,2,.097708732,0,.03466272,.12484512,.023288311,.023288311,.69569635,.058461487,.044395767,90.900002,.52845073,.58481938,.59931242,62
35620,2013,4,2,0,0,0,.15424114,.012036901,.016334191,.75447494,.072751127,.025928343,90.900002,.44641101,.56282216,.50420004,143
35620,2013,2,3,.12884031,0,.026106371,.034718208,0,0,.77130896,.065132536,.040995646,90.900002,.3483904,.69488674,.27815789,96
35620,2013,3,3,.036236856,.014233325,0,.051688027,0,0,.73945665,.15838516,.034924988,90.900002,.42731744,.62106144,.33583283,85
35620,2013,4,3,.01337235,.0067315646,0,.040425502,.013626976,.0040884926,.77005452,.15578911,.062642306,90.900002,.4551492,.58410448,.31166312,186
35620,2015,4,1,0,.016023312,0,.10535162,0,0,.82941502,.03342741,.07113453,90.900002,.43562686,.22065866,.040614791,50
35620,2015,2,2,.16883597,0,.014061129,.094046131,0,0,.67090338,.066214532,.041155893,90.900002,.57028651,.52979678,.68876308,47
35620,2015,3,2,.056898788,.016407063,0,.12443253,0,0,.76988745,.032374196,0,90.900002,.36020231,.61338025,.66110051,51
35620,2015,4,2,.014002822,0,0,.094925515,.0099967169,0,.81155044,.069524527,.014398511,90.900002,.45235455,.55972993,.46217352,143
35620,2015,2,3,.070083112,0,.018579431,.065543279,0,0,.70687902,.15749462,.022742122,90.900002,.43151927,.62891889,.29648331,73
35620,2015,3,3,.043065809,.010350971,0,.026286095,0,0,.74364358,.17665353,.063293554,90.900002,.42302468,.49259588,.27997369,80
35620,2015,4,3,.018100901,.0058472701,.0058472701,.05944337,.0072192913,0,.72523129,.17396681,.019405238,90.900002,.4646619,.58925211,.2914941,163
35620,2017,4,1,.036196034,0,0,.182258,0,0,.73358083,.047965147,.022329956,90.900002,.31325024,.19702074,.027677419,35
35620,2017,2,2,.19566998,0,.023388332,0,0,0,.70542526,.098904774,0,90.900002,.37757838,.52338147,.55766833,31
35620,2017,3,2,.059567131,0,0,.14717059,0,0,.774611,.018651288,.017812947,90.900002,.38260075,.52802062,.51396614,52
35620,2017,4,2,.013915355,0,0,.10365221,0,0,.82948351,.052948907,.029320559,90.900002,.451213,.58002019,.52006382,131
35620,2017,2,3,.10860734,0,.041724991,.040194158,0,0,.77466691,.076531567,0,90.900002,.33123589,.52592212,.20750685,65
35620,2017,3,3,.047277845,0,0,.10458229,.01440487,0,.73245001,.101285,.063136101,90.900002,.59005606,.46959239,.26854539,79
35620,2017,4,3,.019581411,.0054459288,0,.069496781,.010186324,0,.76708096,.12820861,.027159173,90.900002,.48533186,.56514657,.24057302,175
35620,2019,4,1,0,0,0,.01808588,0,0,.9819141,0,.052431773,90.900002,.59062213,.16224374,.041288633,42
35620,2019,2,2,.18669108,0,.028179474,.052230038,0,0,.65134108,.10973784,0,90.900002,.45713964,.57610381,.53558683,30
35620,2019,4,2,.0065961955,0,0,.029246526,0,0,.88279533,.081361964,.0058380924,90.900002,.40343073,.56609619,.46184897,140
35620,2019,2,3,.020540895,.023666974,.020540895,.045884237,.020105861,0,.75677943,.13302262,.045555539,90.900002,.55672896,.57056987,.26125464,57
35620,2019,3,3,.057179537,0,0,.040785965,.012849442,0,.81856477,.070620298,.015988823,90.900002,.48756188,.47313964,.22447638,71
35620,2019,4,3,.007631382,0,0,.03413295,.0054909629,0,.84110111,.1116436,0,90.900002,.4748911,.64026159,.30048129,143
35620,2021,4,1,0,0,0,.12822847,0,0,.83112168,.040649872,0,90.900002,.57160342,.099187106,.087536857,31
35620,2021,4,2,0,0,0,.080099843,.0099445041,0,.81446564,.095490031,.049069107,90.900002,.53526145,.65533352,.53741288,91
35620,2021,2,3,.081791408,0,0,.037390232,0,0,.81027442,.070543908,.12011227,90.900002,.55071551,.44624445,.10683291,39
35620,2021,3,3,.025512531,0,0,.069066845,.04390147,0,.77952248,.081996687,.025535526,90.900002,.50652432,.49440131,.15669554,41
35620,2021,4,3,.010451234,0,0,.041011263,.028275669,.0050925291,.78418612,.13607574,.056815568,90.900002,.53741175,.60386002,.3276886,137
35620,2023,4,2,.029163828,0,0,.036770064,.012406365,0,.87139875,.050260995,.017701749,90.900002,.49579704,.5575645,.53201652,97
35620,2023,2,3,.13976829,0,0,.065715253,.019080924,0,.72158712,.053848445,0,90.900002,.56924236,.60215545,.24001378,37
35620,2023,3,3,.014698887,.042489469,.042489469,.064812407,0,0,.81714731,.060851898,.049786396,90.900002,.52277148,.51486611,.20909956,41
35620,2023,4,3,0,0,0,.10207241,0,.014858129,.79864693,.099280678,.070225671,90.900002,.53392851,.54312193,.34705907,138
36540,2013,3,3,.064105861,0,0,.036349423,.037816446,0,.77253556,.089192681,.11937425,91.400002,.33201191,.66843581,.17104088,30
37980,2013,2,2,.151949,.03733255,.046710517,.040032934,0,0,.64447623,.12620926,.0095207496,91.599998,.42636392,.55736852,.66231602,42
37980,2013,3,2,0,0,0,0,.077150278,0,.88321257,.039637171,.012521479,91.599998,.46576786,.65890753,.69672596,38
37980,2013,4,2,.03109942,0,0,.039408386,.024588311,0,.81879228,.086111613,.0036757765,91.599998,.48507306,.6341424,.62516028,71
37980,2013,2,3,.049888708,0,.029593393,.054034062,0,0,.74255347,.15352377,.031828411,91.599998,.59549248,.40706599,.14100018,68
37980,2013,3,3,.065275706,0,.031101048,0,0,0,.84477639,.089947931,.069319591,91.599998,.48509002,.44417819,.25392035,61
37980,2013,4,3,0,0,0,.035730727,.017930049,0,.85103798,.09530127,.099912077,91.599998,.40644151,.62527817,.30928797,84
37980,2015,3,2,.017057344,0,.0082234796,.088654973,0,0,.82545698,.068830714,.053876258,91.599998,.29783526,.39445683,.58473474,30
37980,2015,4,2,0,0,0,.06061893,0,0,.88423544,.055145636,.066108815,91.599998,.52488995,.60374469,.5932976,56
37980,2015,2,3,.074888811,0,.0055798502,.025226766,0,0,.83179593,.068088472,.0085225618,91.599998,.40144628,.73307878,.19212702,47
37980,2015,3,3,0,0,0,.061293047,0,0,.87660366,.062103268,.033131905,91.599998,.50843555,.70533448,.25187996,36
37980,2015,4,3,0,0,0,.072677337,.039905176,.020619456,.82360882,.063808657,.034118287,91.599998,.43864086,.67224884,.42973393,85
37980,2017,4,2,.030567952,0,0,.033197656,.0063187391,0,.83688003,.093035646,.047639932,91.599998,.31105065,.67918861,.61262619,52
37980,2017,2,3,.016825248,0,0,.021330012,.0093591921,0,.83254302,.11994256,.019934069,91.599998,.24946949,.80917132,.1188635,35
37980,2017,4,3,0,0,0,.014876636,.037585679,0,.79457599,.1529617,.028882645,91.599998,.52537483,.55617267,.2371261,80
37980,2019,4,2,0,0,0,.019318372,0,0,.96523571,.015445926,.030542389,91.599998,.37569544,.64745051,.51664442,59
37980,2019,2,3,0,0,0,0,0,0,.7901783,.2098217,.032707542,91.599998,.40146306,.71559983,.1524583,34
37980,2019,4,3,0,0,0,0,0,0,.91776836,.082231633,.0049262028,91.599998,.50607347,.70090026,.39531079,61
37980,2021,4,2,0,0,0,.11480138,0,0,.73622876,.14896984,0,91.599998,.47143126,.49096969,.46175489,37
37980,2021,4,3,0,0,0,.054643277,0,.011659553,.82083088,.12452582,.064960137,91.599998,.58124888,.64857823,.37362897,71
37980,2023,4,2,0,0,0,.094832078,.028833369,0,.72742605,.1489085,.037007451,91.599998,.28469184,.61247522,.50203711,49
37980,2023,4,3,.066259958,0,0,.048842859,0,0,.81845999,.066437207,0,91.599998,.45852068,.58901423,.24255128,55
38060,2015,3,3,.028514657,0,0,.16318746,0,0,.71699446,.091303423,.039983187,92.199997,.45155668,.46743926,.24601637,34
38060,2017,4,3,0,0,0,.16286144,0,0,.70985228,.12728629,0,92.199997,.38757929,.70750213,.33297479,31
38060,2019,4,3,0,0,0,.055970546,0,0,.7059269,.23810254,0,92.199997,.51732481,.70408368,.2664538,32
38060,2023,4,3,0,0,0,.048214119,0,0,.73232913,.21945675,.0282389,92.199997,.40999606,.67675412,.51454884,36
38300,2013,2,3,.030581702,0,.030581702,.033512045,0,0,.82810396,.10780229,.066295914,88.800003,.40024331,.67909187,.17546391,30
38300,2013,4,3,.058553837,0,.026128886,0,0,0,.81985492,.12159123,.042186413,88.800003,.48383674,.55595732,.18663467,34
38900,2013,4,2,0,0,0,0,0,0,.83360857,.16639145,.06718602,93.599998,.42010689,.52855527,.44864279,31
38900,2013,4,3,0,0,0,.043854639,0,0,.74287796,.21326742,.024046399,93.599998,.34846872,.55033183,.33349758,39
38900,2015,4,3,0,0,0,.064017713,.033536136,0,.6454345,.25701165,0,93.599998,.37041906,.7852205,.32667693,30
38900,2017,3,3,.085498638,0,.03889994,.066709548,0,0,.76460046,.083191372,0,93.599998,.54297996,.47724974,.1726059,30
38900,2017,4,3,0,0,0,.085235909,0,0,.69434935,.22041473,0,93.599998,.3952603,.65937483,.29558614,36
38900,2019,4,2,0,0,0,0,0,0,.93708426,.062915742,.026763987,93.599998,.54133803,.53880405,.5244658,31
38900,2019,4,3,0,0,0,.072307244,0,.072307244,.90370286,.023989892,.034836542,93.599998,.38683683,.40678492,.22042644,34
38900,2023,4,2,0,0,0,.083038457,.051150512,0,.83975047,.026060561,0,93.599998,.53376341,.44450215,.51799321,33
38900,2023,4,3,0,0,0,.085957542,.028180152,.021882571,.65864342,.22721888,.027460203,93.599998,.43991783,.61039406,.30647445,35
39300,2013,3,2,.10020724,0,.040784296,.047499634,0,0,.81347495,.038818199,.022530334,90.099998,.66346169,.62526464,.63954049,30
39300,2013,4,2,0,0,0,0,.01883244,0,.87333238,.1078352,.041733205,90.099998,.45591336,.60596073,.56065881,50
39300,2013,2,3,.062687673,0,.017372662,0,0,0,.80784941,.12946293,.050179828,90.099998,.3597405,.46196923,.15064147,53
39300,2013,3,3,.017620739,0,0,.0377809,0,0,.69413024,.25046811,.050361805,90.099998,.36089745,.48952049,.2725178,45
39300,2013,4,3,0,0,0,.056891598,.010244915,0,.79061621,.14224727,.055885851,90.099998,.57746065,.49301365,.25094715,80
39300,2015,4,2,0,0,0,.11929211,.022764809,0,.85794306,0,.025284182,90.099998,.48675513,.63886553,.36524683,30
39300,2015,2,3,0,.027531212,0,.13178949,0,0,.5698626,.27081668,0,90.099998,.3723326,.64778447,.3290768,31
39300,2015,3,3,.026017431,0,.026017431,.045298357,0,0,.89543146,.033252783,0,90.099998,.40657711,.5237233,.25385475,32
39300,2015,4,3,0,0,0,.051017527,0,0,.80258906,.14639342,.016963301,90.099998,.46887055,.46517405,.31054464,51
39300,2017,4,2,0,0,0,.12991123,0,.024585346,.82442188,.045666877,0,90.099998,.35653627,.65437174,.48843646,31
39300,2017,4,3,0,0,0,.072134048,0,0,.82172465,.10614132,.037303884,90.099998,.46830949,.55056572,.19357927,43
39300,2019,4,3,0,0,0,0,.023123696,0,.91997015,.056906156,.077343695,90.099998,.52047503,.56186289,.40858999,39
39300,2023,4,3,0,0,0,.03869357,0,.03869357,.81916714,.14213932,0,90.099998,.50062603,.65715843,.38026273,30
40900,2021,4,3,0,0,0,.093430184,0,0,.81559569,.0909741,.029218672,93.300003,.62000662,.73461372,.40609884,32
41180,2013,3,3,0,0,0,.039597534,.023236869,0,.79741436,.13975121,.028870132,90.900002,.31742764,.65848607,.14022538,38
41180,2013,4,3,0,0,0,.021918627,.021918627,0,.83667731,.11948546,.08112777,90.900002,.31847161,.64893132,.31232822,39
41740,2013,4,3,.028121611,0,0,.11565141,0,0,.61791325,.23831375,0,94.300003,.25596973,.5018186,.14337422,33
41740,2017,4,2,0,0,0,.13655859,.022542847,0,.84089857,0,.096133739,94.300003,.65349609,.62885833,.56778294,34
41860,2013,4,2,0,0,0,.027178528,.019373158,0,.84791541,.10553288,.078273259,94.099998,.35163268,.62019926,.49404889,60
41860,2013,4,3,0,0,0,.028955476,0,0,.84518683,.1258577,.049095616,94.099998,.36533558,.50576818,.29357913,63
41860,2015,4,2,.016411489,0,0,.06928084,0,0,.88115668,.033150963,.048850652,94.099998,.40231287,.58748764,.43324769,56
41860,2015,4,3,0,0,0,0,.020952206,0,.67504913,.30399865,.037486829,94.099998,.42675638,.43983725,.25537017,43
41860,2017,4,2,0,0,0,.10446255,.022011938,.022204055,.78283495,.090690583,.037872795,94.099998,.49450818,.5025124,.41801596,40
41860,2017,4,3,0,0,0,.079385817,0,0,.77706003,.14355414,.034508221,94.099998,.4377957,.65241724,.38819587,54
41860,2019,4,2,0,0,0,.022837074,.025248975,0,.85723764,.094676301,.024208382,94.099998,.22767639,.63221544,.47718424,37
41860,2019,4,3,0,0,0,.029393196,0,0,.88869989,.081906915,.09571521,94.099998,.41767478,.53706515,.21796845,35
41860,2021,4,2,.02035326,0,0,.25124189,0,.063065127,.67170411,.056700733,.025094226,94.099998,.52323669,.59617084,.39033958,33
41860,2021,4,3,.01941915,0,0,.086903304,.024235144,0,.68428916,.18515326,.1128687,94.099998,.51010799,.65995651,.42972153,40
41860,2023,4,2,0,0,0,.19354028,.043070577,0,.71175259,.051636532,0,94.099998,.34058309,.6999808,.47530642,44
41860,2023,4,3,0,0,0,.026248179,0,0,.85313374,.12061809,.031006185,94.099998,.48982689,.50075364,.35237339,35
41940,2019,4,2,0,0,0,.055533208,0,0,.90739149,.037075333,.037383758,95.199997,.31413195,.55957168,.40659595,30
42660,2013,4,2,0,0,0,.26736033,.024646902,0,.64731574,.06067704,0,94.5,.36559451,.4926936,.48573536,32
42660,2013,3,3,0,0,0,.14600955,0,0,.66878921,.18520124,.069440134,94.5,.4929328,.60575032,.3339296,30
42660,2013,4,3,0,0,0,.10686106,0,0,.81569266,.077446297,.035734158,94.5,.40629637,.65678376,.37329161,51
42660,2015,4,2,0,0,0,.12548409,.061302446,.021844329,.81321347,0,.026019286,94.5,.28139865,.55460441,.51857638,44
42660,2015,4,3,0,0,0,.15860046,.027407849,.026040912,.64011967,.17387205,.027407849,94.5,.46090519,.66277766,.30426827,39
42660,2017,4,2,0,0,0,.15019308,0,0,.79695815,.05284876,0,94.5,.40792516,.44858131,.49474999,37
42660,2017,4,3,0,0,0,.049870588,.08380007,0,.68501186,.18131749,.025285095,94.5,.47144741,.68216038,.31145555,39
42660,2019,4,2,0,0,0,.019662222,0,0,.93917263,.041165147,0,94.5,.38156515,.64676368,.46566778,44
42660,2019,4,3,0,.017589288,0,0,0,0,.77720642,.20520428,.028864233,94.5,.43691266,.58209372,.23387103,43
42660,2021,4,2,0,0,0,.39291701,.055421088,0,.42509797,.12656395,0,94.5,.49809703,.50204986,.55424953,36
42660,2023,4,2,0,0,0,.1930176,0,.024145717,.70142293,.10555944,0,94.5,.43923128,.66755372,.40453169,33
46520,2013,4,2,0,0,0,.024046078,0,0,.84035718,.13559674,.030540664,91.699997,.45971832,.56783652,.69077533,36
46520,2013,3,3,0,0,0,0,0,0,.97387815,.026121838,.050213829,91.699997,.3852106,.57636744,.14179991,32
46520,2013,4,3,0,0,0,0,.016074153,0,.80500048,.17892537,.017692536,91.699997,.41607109,.52106839,.27608395,58
46520,2015,4,2,0,0,0,.12470755,0,0,.78212774,.09316469,0,91.699997,.52522469,.59282178,.54229957,30
46520,2015,4,3,0,0,0,.076193213,0,0,.78527111,.13853569,0,91.699997,.47438911,.62070608,.28964871,39
46520,2017,4,3,0,0,0,0,.024079297,0,.89177036,.084150337,0,91.699997,.50472617,.72671938,.23772828,47
46520,2019,4,3,0,0,0,0,0,0,.80329174,.19670825,.047734983,91.699997,.29833272,.68299735,.31751549,37
46520,2021,4,3,0,0,0,.019512637,0,0,.82067627,.15981108,.057962321,91.699997,.31562164,.63069308,.38914451,35
46520,2023,4,3,0,0,0,0,.030111045,.030111045,.76606768,.20382129,0,91.699997,.38266641,.57087576,.35077497,35
47900,2013,4,1,0,0,0,.047645301,0,0,.94027603,.012078648,.0064760782,94.199997,.34565848,.20847981,.048950408,78
47900,2013,2,2,.081400834,0,.01712076,.022859477,0,.022859477,.87424088,.021498837,.01910973,94.199997,.37199816,.63601816,.72372735,47
47900,2013,3,2,.029647643,.0078778937,.037525535,.096543737,0,0,.75755155,.1083792,.0480549,94.199997,.39928326,.49312291,.57750642,37
47900,2013,4,2,.0056950836,0,0,.063869104,0,0,.84382355,.086612239,.018525291,94.199997,.49271676,.606336,.55825758,205
47900,2013,2,3,.057327319,0,.025352363,.0073785824,0,0,.84155345,.09374065,.004699301,94.199997,.58211374,.31745356,.25847566,53
47900,2013,3,3,.026638195,0,.018997643,.023343042,0,0,.863792,.086226776,.016764376,94.199997,.57439047,.43894002,.2176784,58
47900,2013,4,3,0,0,0,.10789167,.012629033,.011957212,.78092915,.098550126,.02872056,94.199997,.46004057,.58108842,.34494039,201
47900,2015,4,1,0,0,0,.17042011,.0063541429,0,.70309842,.12012734,.012278,94.199997,.45163968,.35981202,.16674523,84
47900,2015,3,2,.07618019,0,.044965677,0,0,0,.92381978,0,.16078402,94.199997,.5645678,.34885243,.70754009,36
47900,2015,4,2,.0010344683,0,0,.19571048,.0014082837,.012787001,.76598239,.03586439,.029272467,94.199997,.43700784,.76653785,.61203223,162
47900,2015,2,3,.10493525,.00485643,.01602352,.051145844,0,0,.8124398,.026622666,0,94.199997,.48123395,.5173744,.23501755,38
47900,2015,3,3,.0085382452,0,.0040754722,.11291268,0,.0039166631,.79731607,.081232995,0,94.199997,.45488971,.50040096,.23707533,45
47900,2015,4,3,.00083381729,0,0,.077376686,.0082711941,0,.81012231,.10339599,.022720644,94.199997,.36486298,.72957635,.39728332,181
47900,2017,4,1,0,0,0,.31330842,0,0,.67579055,.010901025,.0076216082,94.199997,.5429092,.10094756,.012289104,80
47900,2017,4,2,.0011739855,0,0,.15263171,.004731412,0,.78629184,.055171043,.014402517,94.199997,.50601536,.54943585,.47242787,192
47900,2017,4,3,0,0,0,.089564666,.014329078,0,.74200302,.15410323,.033251498,94.199997,.3208065,.63706374,.26932061,155
47900,2019,4,1,.043781377,0,0,.033137519,0,0,.88852251,.034558587,.0041785864,94.199997,.54849219,.058075935,.04705216,60
47900,2019,4,2,.010390643,0,0,.10624533,0,0,.84186268,.041501325,.0016286236,94.199997,.44800326,.48679671,.45902857,155
47900,2019,4,3,0,.00096874649,0,.053037003,.0012833339,0,.82992518,.11478577,.022542609,94.199997,.45891857,.53563076,.37598088,140
47900,2021,4,1,.0048816982,0,0,.085036539,0,0,.91008174,0,0,94.199997,.35754305,.30010533,0,31
47900,2021,4,2,.077139512,0,.028805101,.29222795,.0039264336,.0032784052,.55167264,.075033486,.0066053285,94.199997,.51035661,.61400318,.46455467,135
47900,2021,4,3,0,0,0,.20336069,.0035064139,0,.68409544,.10903748,.0010734613,94.199997,.36604092,.66839474,.31857377,106
47900,2023,4,1,0,0,0,.18455248,0,.014408777,.73225468,.083192848,0,94.199997,.3336584,.14752568,.069664359,50
47900,2023,4,2,0,0,0,.28615373,0,0,.66298515,.05086112,.0018591675,94.199997,.42660555,.57723504,.55713916,121
47900,2023,4,3,0,0,0,.040844068,.020315576,0,.8606993,.078141078,.0075866757,94.199997,.45988485,.64425445,.29633248,108
