"gamma_bar","rep","K_est","cf_effect","k_selected_consensus","gamma_weighted","bic_panel"
0,1,1,23.4848299435249,3,0.0984990806378073,44391.6591734711
0,1,2,8.29704112627605,3,-0.00308698049435474,43210.3018167783
0,1,3,8.04160896673091,3,0.00103788485537422,43050.9178054288
0,1,4,7.48796916004233,3,-0.00316329913318966,43742.3579897789
0,1,5,15.7657944555927,3,-0.00731729082176931,43650.6302770183
0,2,1,11.6177854306405,1,0.039773423023702,43342.809452109
0,2,2,0.286299241687897,1,-0.0163468451468159,43488.6187694196
0,2,3,16.956859702569,1,0.0175822748125949,43983.7578775619
0,2,4,1.85498189679994,1,0.0164444980555091,43816.656653796
0,2,5,5.09294182491087,1,0.0349163299306767,43470.7726864097
0,3,1,11.2858267163291,5,0.0626641916866932,43484.796725749
0,3,2,5.54921075546226,5,0.0314097760496678,43889.9907631838
0,3,3,16.2103399958786,5,-0.00887073491430141,44300.6878360482
0,3,4,-3.64965308670636,5,0.0183060205824991,43463.7811970017
0,3,5,6.35119889252539,5,0.00521891414110066,43241.2176856039
0,4,1,-7.90447000666859,1,0.0466706960045232,42774.2107036802
0,4,2,-4.27157967838218,1,0.0274741205243428,43205.6282984507
0,4,3,11.7781333946002,1,0.0231553834163489,43620.8439650961
0,4,4,-3.63776705303163,1,0.0544648153296557,43472.6068344624
0,4,5,3.63529473251319,1,-0.0151839469746463,43511.0824071974
0,5,1,5.63562562265029,2,0.0413560780391862,43525.068218563
0,5,2,6.69756688028975,2,-0.00772953549996654,43025.8659618865
0,5,3,7.5285793854978,2,0.0423799204281049,43781.8659441932
0,5,4,6.84749883410442,2,0.00203832437458402,43778.4735037559
0,5,5,2.94393224555979,2,0.00121897429233229,43806.7150888417
0,6,1,9.22960498646119,3,0.077657652761053,43770.2085784729
0,6,2,1.02383949581129,3,0.0067093290574499,43767.6988857072
0,6,3,12.4948180036438,3,-0.0214997646777073,42934.8960173994
0,6,4,5.98555854308503,3,0.0102000144103787,44691.3407278072
0,6,5,6.24713306725219,3,0.0197672046888037,43658.3471474646
0,7,1,-0.575459716427286,2,0.0527529506479224,43294.5000448504
0,7,2,6.64521743967634,2,0.00753877275028555,43391.6388094372
0,7,3,-2.05609576770986,2,0.0390957993200424,43796.1819457631
0,7,4,0.474588176864959,2,0.0484105834309085,43037.8122062116
0,7,5,0.643748001997146,2,0.0407257588130068,43552.8090671343
0,8,1,5.51172552846669,2,0.00336286884835857,43426.5160248782
0,8,2,4.61643812675672,2,0.0312540284192362,43121.8586828062
0,8,3,14.1115111653031,2,-0.0174992280557348,43282.4995514204
0,8,4,4.04940256095864,2,0.0340553568038647,43766.6732468204
0,8,5,8.19619602463787,2,0.0213045049428349,43475.8493922894
0,9,1,11.6655156650756,2,-0.0312160308989072,43883.819708688
0,9,2,5.73119699606226,2,0.0504540103263279,43108.1207964026
0,9,3,6.03377164055997,2,0.0132092423997664,44226.943060363
0,9,4,8.29383218571646,2,0.0260291200164914,44178.4262763697
0,9,5,4.56602869677392,2,0.026396205667924,44223.4636990487
0,10,1,8.62669929045218,2,0.013522036334628,43789.7034281338
0,10,2,9.1381581598875,2,0.066362376609454,43814.7738901487
0,10,3,1.11353219433654,2,0.0454450378494195,43796.3421762064
0,10,4,0.334058904825736,2,0.0266177781312409,44246.8756332961
0,10,5,-2.81142047821199,2,0.0110349682668118,43522.1699491243
0,11,1,-0.0194173771343629,4,0.0337970988842798,42898.6656446423
0,11,2,19.757475753717,4,0.0202770803001853,43086.8048267134
0,11,3,5.45493360660103,4,0.0176440357497055,43326.2663850153
0,11,4,5.02678785693323,4,-0.00578531952837833,43480.5015216227
0,11,5,8.73092699002789,4,0.00489063140694447,44005.3718929776
0,12,1,14.37237064407,3,0.0011421781079324,44234.9049877279
0,12,2,0.331931716479623,3,0.000443488150503092,43729.2686626648
0,12,3,12.9640240387577,3,0.0217980685661582,43293.2530666608
0,12,4,2.67917583972153,3,0.0363213485966272,43550.6367737205
0,12,5,4.01366203747302,3,0.00946115052441424,43663.5587094613
0,13,1,9.73102495086063,3,0.149678096333024,43681.377371365
0,13,2,9.8397533357181,3,-0.0171239359192509,43093.5282984866
0,13,3,9.12178005938389,3,0.00106997797279447,43289.4372783395
0,13,4,8.54244871506937,3,0.0103462930275224,43283.9702098665
0,13,5,11.9030248944721,3,-0.0101927855016356,43407.6036733278
0,14,1,6.78515078589469,4,0.0857811032796616,43249.0292720175
0,14,2,7.0230483374677,4,0.0323386757702019,43462.0267286138
0,14,3,9.65659794200485,4,0.0104078496960567,43821.1784931366
0,14,4,8.7414151272572,4,0.0442114206924424,43106.4144588392
0,14,5,3.2372752859762,4,0.0243493057047647,43382.2853442194
0,15,1,2.06225641978255,3,0.0842130686600733,43397.1646856097
0,15,2,6.06415068666781,3,0.0592096542155496,43089.1896413598
0,15,3,7.12097481744076,3,0.0245715117480271,43562.1637310543
0,15,4,5.67716563044786,3,0.00123415360658281,43811.0547265822
0,15,5,4.89666412523374,3,-0.0103580066924307,43948.7884921225
0,16,1,2.33306898367181,2,0.00384526792532476,43887.0738639625
0,16,2,-1.98858731392431,2,0.0661439280018952,43078.0241284154
0,16,3,-1.42468045897719,2,0.0565918951422285,43938.9647986217
0,16,4,3.23746214313042,2,0.00674023990824599,43180.8939560935
0,16,5,2.86881939803969,2,0.0238889315927395,43569.0322688247
0,17,1,10.3586312638709,4,0.0699050926756304,43527.5307889968
0,17,2,2.74398686373851,4,0.0245235071752565,43464.442073788
0,17,3,16.1379327139153,4,0.0286057236441309,43397.7288716724
0,17,4,4.80508337073917,4,0.0181216445588567,43275.6186793629
0,17,5,1.99847289855272,4,0.032822373811654,43502.8425964676
0,18,1,-5.19687420311833,3,0.101648664081272,43295.1730520512
0,18,2,-2.36784785850849,3,0.0342914667017994,43288.6186117349
0,18,3,-2.24742554430156,3,0.0270899936281274,43440.5768264401
0,18,4,-2.1474898636988,3,0.00750794474614062,43217.8807379158
0,18,5,14.8036795729694,3,-0.00982003406167585,43780.8399999635
0,19,1,3.38009146284383,3,0.0620188670148606,43222.3898752335
0,19,2,2.00049846511992,3,-0.00164819819553708,43270.871330458
0,19,3,10.5151643678057,3,0.0155495935379979,43159.2683949308
0,19,4,3.13935152984045,3,0.00100925725059232,43400.8116968422
0,19,5,8.05340998810301,3,0.0267557730494622,43711.8130507491
0,20,1,-2.08245809800573,4,0.0776371965229739,43091.9836636179
0,20,2,13.8238967477751,4,-0.00480148496231213,43999.4448025922
0,20,3,1.15914389739838,4,0.00995658273001128,44396.2502592704
0,20,4,-0.767799253217495,4,0.0239355919218669,43349.7180764977
0,20,5,2.59159477597536,4,0.0291151940976025,43876.6633317329
0,21,1,-1.06698879958961,2,0.035784981519579,43298.0084908929
0,21,2,10.1791909908204,2,0.0236636230162249,43239.9180356451
0,21,3,2.91708228914775,2,0.050618721126219,43689.6879400476
0,21,4,7.73071773346979,2,0.0281256208118728,44375.2690774757
0,21,5,8.66154387429367,2,0.00708670155410786,43968.4852439133
0,22,1,13.2382372816417,1,0.0275231180785822,42946.1593584156
0,22,2,8.64258657898876,1,0.00599916104985128,43122.7511180663
0,22,3,12.0939455241748,1,0.0410419629131573,43843.8761851755
0,22,4,11.5943942848305,1,0.0244047283336761,43576.9469237981
0,22,5,3.9905306773594,1,0.0380656240165383,43086.9094578417
0,23,1,5.68692399113292,1,0.0315346577984973,42826.5219902314
0,23,2,2.86753383991978,1,0.0482024720100962,42996.0053686095
0,23,3,8.40978049871038,1,0.0112614355710253,43597.5372616859
0,23,4,9.23088971694742,1,0.0245022828573254,43606.8558146281
0,23,5,8.56001977973931,1,0.0448116517932655,43656.8230726116
0,24,1,-0.117902998618243,2,0.0852649568185766,43769.42172076
0,24,2,1.92652010429671,2,0.0309445395786307,43495.7038448473
0,24,3,-2.98871520703353,2,0.035241306102646,43586.7041641189
0,24,4,-3.09532016754685,2,0.0303671972751686,43431.3207313019
0,24,5,-3.10444798265303,2,0.0204948234672846,43426.8395336133
0,25,1,-6.04806351836819,5,0.0454969870953232,43961.2129864277
0,25,2,7.64069122704454,5,0.0389195927314673,44275.2217999818
0,25,3,1.09777719553244,5,0.059204996068717,43235.4254260751
0,25,4,-5.35397851053599,5,0.0371016442233738,43670.395831833
0,25,5,8.10890568612101,5,0.0115248143450231,43989.198980495
0,26,1,8.3527243721675,1,0.0465566268940842,43217.2294083713
0,26,2,-0.603474660631481,1,0.0384354171151439,43446.4697563048
0,26,3,15.320271640504,1,-0.00809934376940666,44031.2379955419
0,26,4,10.8944334553469,1,0.0461175954160879,43626.976051836
0,26,5,-0.0614159592357458,1,0.0218723230884054,43749.7167888883
0,27,1,8.63299435938139,2,0.0356892015286398,43669.6345257039
0,27,2,6.43042363615099,2,-0.00374772046529351,43625.5896187695
0,27,3,6.67179560390168,2,0.0180382626436368,43191.3165383794
0,27,4,5.18227993490964,2,0.0146133767263421,43069.2421992058
0,27,5,0.314391329869753,2,0.00579604746333166,43319.4377608639
0,28,1,2.70939806263651,3,0.0444130234117307,43787.5240534625
0,28,2,2.28082649625985,3,0.0529754107358128,43410.480174981
0,28,3,0.592288562737584,3,0.0162951255499693,43401.2126733888
0,28,4,14.0380678004512,3,-0.00192300864976869,43624.2520512559
0,28,5,6.6965946680697,3,-0.00758209516725515,43833.8395964656
0,29,1,6.4840991012738,5,0.0645173990094666,43273.9331269574
0,29,2,17.6236340290488,5,0.0562318235940893,43943.9485209809
0,29,3,11.6090120027329,5,-0.0201198133434626,43833.7848337691
0,29,4,15.3323299242281,5,0.0130497586372409,43586.6806539762
0,29,5,18.8053396179686,5,0.0143486857636092,44028.4588537295
0,30,1,0.887170887042505,3,0.0239641270694995,42951.6415791527
0,30,2,9.35242089692998,3,0.0337902763259321,43873.5965981414
0,30,3,7.74594267904606,3,0.00523237752313467,43351.315352855
0,30,4,8.01227547618792,3,0.00594050022799424,43254.1474577101
0,30,5,7.28664160399213,3,0.000433846706072625,43506.3135247271
0,31,1,1.92743203823174,3,0.055858161954641,43687.7559460679
0,31,2,14.4601985279605,3,0.0092945850771714,43696.3260196504
0,31,3,7.95955713125971,3,0.0170771258648048,43213.4177384279
0,31,4,3.94049763297182,3,0.010352191509507,43503.2492979566
0,31,5,-2.1070739698166,3,0.0133921966372922,43805.4040301286
0,32,1,9.11210720652409,3,0.0731762461708639,43658.4280020752
0,32,2,5.72127483836839,3,0.0348105305379917,43469.4484219759
0,32,3,12.6489405815296,3,0.0116145601962407,43098.9898071377
0,32,4,1.19984021696499,3,0.0118955649941167,43520.8050058092
0,32,5,0.366967541253251,3,0.0158472502133934,43764.0101442234
0,33,1,5.87261359387141,1,-0.0246916783118129,43043.281347655
0,33,2,7.41763325452792,1,0.0112892070035796,43214.9667447887
0,33,3,12.2606075528827,1,0.00991915096776231,43691.8472104096
0,33,4,5.23816984189858,1,0.0392671694601274,43204.4237128169
0,33,5,17.1208674644385,1,0.00444572870121861,43671.605275872
0,34,1,0.226120455374642,1,0.0562879454518549,43145.163883874
0,34,2,8.5128894299939,1,0.0203088135798534,43350.3135600961
0,34,3,6.1512876721109,1,0.0132208191221664,43499.4750688707
0,34,4,3.12860945307526,1,-0.00330101994533264,43342.7407420711
0,34,5,3.96121659673508,1,0.00766203973367419,43976.7532251085
0,35,1,0.195705029523313,2,0.0530652185074256,44123.8129203906
0,35,2,3.47183132812457,2,0.0348119721568155,43461.8219121489
0,35,3,8.2778013795612,2,0.0230776540600009,43615.8880133433
0,35,4,-0.08125310119796,2,0.0018415844150737,43832.4701376644
0,35,5,1.9904477022084,2,0.0418445770690117,44323.7670739667
0,36,1,13.8470703686811,1,0.0258132888099856,43260.8119087553
0,36,2,5.72559861346839,1,0.0204779571002475,43728.5360685368
0,36,3,-9.1037414696953,1,0.0167704958092089,44442.8837319399
0,36,4,6.09583139099863,1,0.00812515911665908,43850.5126612069
0,36,5,5.55376335674805,1,0.0273780752651464,43306.3556763825
0,37,1,17.024849702473,1,0.0122001347992069,43317.4102823595
0,37,2,0.780163464838953,1,0.0532512194925727,43828.5893646138
0,37,3,9.94465120827747,1,0.0112818852353164,43777.1498408236
0,37,4,9.67388121432071,1,0.0308523861393903,44037.1960626788
0,37,5,9.02333494528487,1,0.00535986276729923,44092.8373820378
0,38,1,-0.752758080577955,1,0.0606084532446686,42667.0710210216
0,38,2,-5.96678738734723,1,0.0628746031780531,43611.9040036187
0,38,3,1.27972710212018,1,0.0181395121918346,43513.1647456234
0,38,4,3.39552946038766,1,0.0341596030952284,43658.7393766832
0,38,5,1.56994370372731,1,0.016848772978998,43784.2564875045
0,39,1,-4.00490786993978,1,0.0331448625563789,43077.479131415
0,39,2,16.7626331466409,1,0.00941148673841496,43427.9341741062
0,39,3,12.3654296978636,1,0.0188128453269757,43576.8479423272
0,39,4,12.6202744481034,1,0.0203009420968151,44320.3375496771
0,39,5,9.98527814545985,1,-0.0127282628753903,43612.3411513521
0,40,1,17.859939826462,4,0.0501295132299318,43856.1625833127
0,40,2,10.2958323892219,4,0.0155905967013532,44227.4571764166
0,40,3,2.16878635278411,4,0.0267972415336058,43801.0584859975
0,40,4,9.59986651660786,4,0.0383183816113839,43582.2581057354
0,40,5,4.22964664978727,4,0.0240441483527167,43783.7768547891
0,41,1,9.49756318380258,5,0.0105425956829373,43689.8144380867
0,41,2,6.61635265426387,5,0.056718625681826,43611.0764960018
0,41,3,4.37889890281542,5,0.000458484843539535,43473.6135891699
0,41,4,8.74573218470683,5,-0.00272749633075298,43803.3727126893
0,41,5,3.06280231969218,5,0.044697145985343,43357.6857327852
0,42,1,0.4665343333835,4,0.0690273827627125,44155.3966146927
0,42,2,13.0772647021328,4,-0.00346837078405795,43601.1201905621
0,42,3,-0.869969075210775,4,0.0207346481090972,43831.1757367977
0,42,4,16.6627455306091,4,0.0289351906049984,43189.8885977217
0,42,5,10.1076857730218,4,0.00898475104423645,43808.2748451742
0,43,1,15.4902955943116,1,0.0115077719715955,43475.5582116425
0,43,2,15.5013691752221,1,0.0371097702252293,43512.768999623
0,43,3,11.8444107865929,1,0.0249542622464276,43805.2775902496
0,43,4,6.42627396251084,1,0.0350831679579488,43656.4136005304
0,43,5,5.44956556200099,1,0.00344343065403943,43769.8484304771
0,44,1,6.28798113921941,1,0.073063476012993,43726.3499705905
0,44,2,24.053731647794,1,0.0435118813284715,43743.2365576788
0,44,3,13.7225181665165,1,0.00497735032604273,43461.3952176718
0,44,4,4.7819879140235,1,0.0136147751617337,43330.8510221371
0,44,5,6.58103609227933,1,0.0197421276944628,43415.8063902628
0,45,1,-3.77752176219569,5,0.0693324037636263,43440.8891630608
0,45,2,4.19768206526388,5,-0.0261456049764277,43437.8978649285
0,45,3,15.4933451984654,5,-0.00979753409768976,43805.5967557963
0,45,4,18.6045520099752,5,0.00665133774475439,44075.7552130365
0,45,5,7.14341722309107,5,0.0299635800208881,43429.2428644529
0,46,1,21.279190849352,3,-0.0152544870098772,43650.3872074863
0,46,2,-0.0335291361370207,3,0.0366854574031822,43386.42432347
0,46,3,9.28093326759639,3,-0.0244584309108854,42798.4382329747
0,46,4,-3.01511605100345,3,0.0424438574256109,43462.4877426441
0,46,5,-0.0831142255912797,3,0.0198657243436196,43536.5636066224
0,47,1,14.6680015393204,2,-0.00116181913526236,43330.2790343719
0,47,2,12.5302910268372,2,0.0150823788501811,43961.6518652388
0,47,3,11.6568859076923,2,0.0112478457933489,43535.7974288893
0,47,4,7.01590147727896,2,0.00729827387537191,43246.0938200137
0,47,5,18.4125642203938,2,0.00766146717045433,43309.6791466378
0,48,1,1.14579000950619,2,0.0816510050407087,43377.3760002132
0,48,2,7.65380454556287,2,0.050322131720876,43102.1657237883
0,48,3,14.5547404726431,2,0.0254443165771425,43658.2367640873
0,48,4,-0.107206758652508,2,0.00621284450296915,43681.1000830013
0,48,5,-1.30879475422823,2,0.0303256816213207,43388.933430939
0,49,1,1.27842230655911,3,-0.00736987657274227,42955.5826096295
0,49,2,0.0972550729863104,3,0.0154180246135446,43568.9079891527
0,49,3,-5.25963030558084,3,0.0401895904876031,42900.9001575437
0,49,4,8.13724762343818,3,0.00354423728502001,43512.6335866286
0,49,5,7.89669230468511,3,0.013033058499119,43874.529267564
0,50,1,14.8151482699318,1,-0.00268875072037987,43022.0907535176
0,50,2,-1.20564684332458,1,0.0434218705363511,44126.4683101383
0,50,3,6.39432849319924,1,0.0167348817770446,44323.1792055325
0,50,4,7.08213972132002,1,-0.00309058174035781,43788.3752478596
0,50,5,6.86027996301961,1,0.0125532424759704,43440.3160316072
0.02,1,1,16.0722428733946,1,0.0210233558822955,43653.1660014726
0.02,1,2,-5.22746684718331,1,0.0316337009785608,43830.7905195212
0.02,1,3,-2.87419339782395,1,0.0121019608117598,43545.9007773883
0.02,1,4,1.38535207013398,1,0.0252191658334222,44237.9016783212
0.02,1,5,10.2039412022211,1,0.0185479690639515,43647.8204230097
0.02,2,1,8.89724688592895,1,-0.0247309387005883,42783.6756433463
0.02,2,2,3.05575487856928,1,-0.00863317026301345,42919.9788209027
0.02,2,3,8.40132542302376,1,0.00323198152749563,43306.408321101
0.02,2,4,7.12549597848147,1,0.00919979770361844,43557.4513252336
0.02,2,5,5.23066266918301,1,0.0309734124612239,43437.2958067216
0.02,3,1,17.4417735225239,5,0.0071015221743398,43778.1072023632
0.02,3,2,16.5629937831796,5,-0.0387736612496139,43582.4910925482
0.02,3,3,2.40862819142352,5,0.0190821500402497,43390.5916984697
0.02,3,4,6.92479203401836,5,0.0193013342771847,43602.3127977387
0.02,3,5,8.30305681064604,5,0.0108353732791715,43844.1019441471
0.02,4,1,12.5731358630819,5,0.0976764726970234,44431.7610421072
0.02,4,2,7.30073373630036,5,0.0509173773765619,43843.6764683008
0.02,4,3,18.4407830932013,5,0.0117404577793941,43367.2554553217
0.02,4,4,1.65174480897799,5,0.02320572832904,43393.0068857681
0.02,4,5,-4.54923026790376,5,0.025168597980181,43192.1445520554
0.02,5,1,1.97558617464183,2,0.0701676633008892,43448.2793068491
0.02,5,2,11.6706483704132,2,0.00768125069759611,43713.5533349427
0.02,5,3,0.820763886598609,2,0.0157201829389348,43307.5564807895
0.02,5,4,-3.37370190643806,2,0.0360103941355714,43532.6172787671
0.02,5,5,-4.64206959741459,2,0.0325066449619221,43527.3474485831
0.02,6,1,-4.81975996502639,4,0.0982718009873525,43743.685356612
0.02,6,2,2.53656096495327,4,0.0265654504614488,44113.8761814558
0.02,6,3,4.74382444033924,4,0.0165600991373142,43675.6228668295
0.02,6,4,5.5554598275599,4,0.00914609024490847,43649.8801833056
0.02,6,5,0.419402173889875,4,-0.00562229363483686,44137.1305934268
0.02,7,1,5.05208516205352,5,0.029374664681183,43641.006302614
0.02,7,2,16.3235712258237,5,-0.000894498646489113,43827.7904121435
0.02,7,3,0.385187731597418,5,0.0127266509962583,43232.2523092995
0.02,7,4,8.62357083581749,5,0.03310718109174,43281.9202699299
0.02,7,5,3.23379112921956,5,0.0195783243028524,43687.4277620244
0.02,8,1,1.44820257271839,2,0.0761991340636568,43367.0956426113
0.02,8,2,12.2845970837328,2,0.0386911586368882,43164.8448959962
0.02,8,3,16.9779706666421,2,0.0119190020210839,44142.0756598606
0.02,8,4,5.93541644952239,2,0.0186815583999145,43466.4027844329
0.02,8,5,-1.40315610968322,2,0.0374772819902131,43491.8303798729
0.02,9,1,5.53999941996598,4,0.0579390424838588,42779.6381116619
0.02,9,2,10.2606064275311,4,0.0362869048745273,43375.3510141251
0.02,9,3,4.48853963795155,4,0.0426899585709354,43592.7516687446
0.02,9,4,3.2633867475647,4,0.0157886167422428,44189.8402818806
0.02,9,5,11.2433714460952,4,0.02242981406164,43628.7249038508
0.02,10,1,16.2419306800072,2,0.00717154346700084,44015.5253835678
0.02,10,2,10.0066343231019,2,0.0412716192623164,43204.2964188741
0.02,10,3,14.3256325902252,2,0.00921368311503692,43979.7231759464
0.02,10,4,7.02155050974104,2,0.0166539648836319,43491.1769242339
0.02,10,5,16.849529734348,2,-0.00676020939476502,44406.6873334661
0.02,11,1,12.8653944916689,2,0.0285289029879177,43273.6471708513
0.02,11,2,-6.94743939899749,2,0.0334235373364931,43237.8280862209
0.02,11,3,1.71696770267974,2,0.0472739495449405,43441.3418877657
0.02,11,4,5.77053162033962,2,0.00985792868741805,43870.5566698316
0.02,11,5,8.60055217484467,2,0.0026355334754421,43772.1267892183
0.02,12,1,3.30825215297149,1,0.0716811347948441,42954.1029043337
0.02,12,2,7.24194332710592,1,0.0110159716737762,43650.8865118306
0.02,12,3,-0.388452493510976,1,0.0212272898144673,43711.7682828142
0.02,12,4,1.5626705673997,1,0.0127861372202338,43458.4988159487
0.02,12,5,13.8282025309425,1,-0.00241679654472728,43533.0784455158
0.02,13,1,9.93435887017973,3,0.0680756039011032,43459.9933544068
0.02,13,2,21.5994952148869,3,0.0365864692755671,43968.6324116828
0.02,13,3,4.35638378395367,3,0.00567598974966903,43175.8037443774
0.02,13,4,-0.128411965317225,3,-0.00186127849009564,43515.3845974717
0.02,13,5,-2.72629775443594,3,0.0122095320041498,43852.1429164953
0.02,14,1,1.57188763842623,1,0.0721178271338581,42418.1017289636
0.02,14,2,3.65028920478397,1,0.0155726158653611,43692.4858581512
0.02,14,3,10.9395048582256,1,0.0265900707298501,44202.9715410234
0.02,14,4,10.0707036561396,1,0.0414389364641643,43151.1549276969
0.02,14,5,6.97162197736097,1,-0.00368525407830539,43189.8899108392
0.02,15,1,-2.17484114513625,2,0.0760067971363349,43298.5739717733
0.02,15,2,1.6117335892767,2,0.0430562607122389,43195.1337121332
0.02,15,3,3.05315816364682,2,0.0604465382062839,43534.658374916
0.02,15,4,12.6978407222755,2,-0.00560377389891997,43982.4427866731
0.02,15,5,8.30507318971538,2,-0.00888074845447977,44081.8361748165
0.02,16,1,1.98283358473808,4,0.0838601939867262,43844.5348633817
0.02,16,2,8.85929494665652,4,0.050705675462865,43832.5654684721
0.02,16,3,5.71537358261248,4,0.04060045947057,43760.9982208838
0.02,16,4,11.4366865665423,4,0.0238913147154715,43497.8632034121
0.02,16,5,13.6155920685383,4,0.00801580948616565,43662.6454431783
0.02,17,1,-2.3329604814127,1,0.108549679958331,42822.8682725075
0.02,17,2,1.11052329947684,1,0.0365324299109282,43944.3038413766
0.02,17,3,-1.85008227967293,1,0.0554631026125997,43292.1001477981
0.02,17,4,13.446183044294,1,-0.000626155790960265,43693.1729140776
0.02,17,5,0.677533358937338,1,0.0295338337375657,43614.0506426007
0.02,18,1,1.47287917709394,1,0.0159684043519597,42742.3106468129
0.02,18,2,3.21957308342671,1,0.0474232633129925,43537.323144208
0.02,18,3,4.5957032646126,1,-0.00485778221026094,43362.0174920524
0.02,18,4,7.13199712498373,1,0.0195594159180596,43627.0091623026
0.02,18,5,8.86479570524694,1,0.0548469944851894,43420.3546191996
0.02,19,1,10.7637262965824,3,0.0318094693733994,43634.3876072406
0.02,19,2,10.7206027760508,3,0.0377336541862874,43573.825411852
0.02,19,3,12.7479856610724,3,0.00832561587872388,43360.6335526227
0.02,19,4,0.716884502820063,3,0.0537399810763315,43351.3013363466
0.02,19,5,3.93123786110328,3,0.0131205640424503,43900.2081677571
0.02,20,1,-2.39289500763611,1,0.115275830035601,42636.6595324531
0.02,20,2,13.0300600242129,1,0.0462947840585521,43811.8392752114
0.02,20,3,9.09490099512404,1,0.0539574193811589,43468.0373506573
0.02,20,4,11.1222418738612,1,0.0552995618717003,42936.1311964244
0.02,20,5,18.6094647012735,1,0.0135298322008906,43596.1391791893
0.02,21,1,0.895319024108988,5,0.040949036669021,43388.6307800022
0.02,21,2,6.08199582150159,5,0.0155513485687992,43290.6718936666
0.02,21,3,-3.26539748165088,5,0.005922152507506,43239.3360499406
0.02,21,4,12.6745640810381,5,0.00916521708482153,43441.5104444102
0.02,21,5,-1.21297132938937,5,0.0268224780615315,43657.7919199749
0.02,22,1,6.5477345821265,1,0.0697119636299563,42717.9395404967
0.02,22,2,10.5197589570964,1,0.0568410167330296,43505.4359561798
0.02,22,3,0.592838990551874,1,0.0468407979380821,43109.6811839183
0.02,22,4,-5.40152616853698,1,-0.00269193878534496,43591.9903762226
0.02,22,5,6.40507706544798,1,0.00415384527770199,43624.6538206683
0.02,23,1,4.4075136436338,5,0.0796501914727488,43327.6497272939
0.02,23,2,15.9815965971983,5,0.0168132187775846,44148.9612572691
0.02,23,3,-4.0316790209241,5,0.0557441535346416,44347.4079219232
0.02,23,4,8.22684856983862,5,0.0282721251118085,44050.1127786693
0.02,23,5,12.7093595613329,5,0.00923184377973691,44173.1957553848
0.02,24,1,5.05915517265834,4,0.0509944327648832,43997.8948388878
0.02,24,2,3.04913169531596,4,0.0361641080756459,43183.1692811225
0.02,24,3,-1.16997176784627,4,0.0460257149717554,43597.6125044431
0.02,24,4,0.621398532585836,4,0.0146699551013023,42835.1825737578
0.02,24,5,0.562238668463614,4,0.0322920515296204,43087.1916460514
0.02,25,1,3.10457867938404,5,0.0331429859948028,43239.5417653751
0.02,25,2,-5.85021401942123,5,0.0218637422416428,42841.8069770277
0.02,25,3,12.0060410437916,5,0.021166494905225,43631.1616745858
0.02,25,4,-5.08890964248046,5,0.0120836205115599,43822.6931863756
0.02,25,5,7.50675188261228,5,0.0194969003905645,43564.6673850748
0.02,26,1,-7.97791620471619,2,0.0804059748395793,43487.5676235106
0.02,26,2,11.0200883611254,2,0.0389134372614016,43749.6268261459
0.02,26,3,6.95920210558974,2,0.00230621483040634,43518.8665295186
0.02,26,4,2.91402469064825,2,0.00770218036872397,43239.7815290915
0.02,26,5,-6.61585350747912,2,0.0462307868088849,43637.3773761157
0.02,27,1,26.4864663434461,2,-0.0130341886858916,43780.1032294294
0.02,27,2,-1.48629339376267,2,0.0117004022520711,42963.412303021
0.02,27,3,1.8674309656458,2,0.0384587758659444,43556.7523278435
0.02,27,4,-3.29131301397819,2,-0.00723970981210134,43464.6699922226
0.02,27,5,11.0713441376848,2,-0.0149740349743348,43588.4135115099
0.02,28,1,4.96831018886512,4,0.106933934117233,44480.5675950255
0.02,28,2,0.915435046291344,4,0.032085865700357,43277.2659149946
0.02,28,3,18.8271132405663,4,0.0246905325465851,43887.9291332049
0.02,28,4,12.0622865518501,4,-0.00414649560196496,43133.5769296974
0.02,28,5,7.80728334606137,4,0.017369436400029,43393.7262832418
0.02,29,1,5.98215069691774,2,0.0816232648469732,44021.4725477302
0.02,29,2,-1.40568765681976,2,0.0484721395966758,43265.4076448723
0.02,29,3,10.2190342353732,2,0.0350291907266336,43702.2780939011
0.02,29,4,6.59593909553492,2,0.00691980227305798,43381.8518968024
0.02,29,5,7.83431245598843,2,0.0100544204764215,43868.8854084332
0.02,30,1,19.9325901924892,1,-0.00642139358228247,43111.4645170702
0.02,30,2,11.6504517311276,1,0.0161188267256667,43372.5908237429
0.02,30,3,7.96419449841897,1,0.0264968088310522,43636.6081320434
0.02,30,4,15.7054226513067,1,0.00129855426405323,44321.2818714597
0.02,30,5,8.87539554653922,1,0.0142209846149474,43603.8474857237
0.02,31,1,-4.02376065458143,2,0.0346844957644597,43581.9298482379
0.02,31,2,-1.64799146271483,2,0.0466262940822223,42813.1455429859
0.02,31,3,0.964896724504893,2,0.0316134220239688,43700.9106443784
0.02,31,4,9.25210461231452,2,0.00477485066808602,44129.7938721941
0.02,31,5,5.07199160236976,2,-0.00909384167135455,43794.8086039876
0.02,32,1,3.68361808904989,5,0.0425140262264368,43975.3991551017
0.02,32,2,10.2100471576629,5,0.0186148062078245,43529.5604208442
0.02,32,3,4.48173624301887,5,-0.0140668709407013,43247.1208103001
0.02,32,4,7.90080293288362,5,0.0218130477918368,43989.3026881534
0.02,32,5,-4.83410332000134,5,0.0301032607875848,43823.3310692802
0.02,33,1,6.6695261148079,3,0.0435713745803205,43600.3611567791
0.02,33,2,8.89726145536574,3,0.00927366180918264,43895.4247024051
0.02,33,3,3.21618038105879,3,0.0362475489161078,44194.8794357894
0.02,33,4,17.4803960754019,3,-0.00420164719017381,42928.1435357495
0.02,33,5,2.26383193796569,3,0.0193804108493011,43384.5368084445
0.02,34,1,5.59998997854104,1,0.0528829515198268,43317.9231012451
0.02,34,2,1.476767403666,1,0.0437548313675514,43488.936099055
0.02,34,3,18.5675664971377,1,0.0062634944205442,43624.946204349
0.02,34,4,4.00363351653953,1,0.031745112437306,43495.5257368961
0.02,34,5,8.61619886077583,1,0.0254207309735899,43949.6975383538
0.02,35,1,0.590630749211753,2,0.0261674664001408,43086.8624778207
0.02,35,2,-1.59368186441828,2,0.0778902511568947,42783.5920112978
0.02,35,3,-3.88847183320247,2,0.0206021163632991,43747.6658433134
0.02,35,4,2.13855249411536,2,0.0271212458242099,43619.1371496801
0.02,35,5,-0.77989315782397,2,0.0064514189697621,43292.9641956707
0.02,36,1,25.6342600901745,1,-0.0482315711361162,43189.0633104529
0.02,36,2,9.31705382492525,1,0.0221834726817472,43419.2176071514
0.02,36,3,2.07280190995993,1,0.029171973277766,43431.1905300868
0.02,36,4,0.0109283314173305,1,0.0233444050544549,44157.623130236
0.02,36,5,3.37483298076718,1,0.00534176896562677,43692.2686175183
0.02,37,1,-0.45722902185913,2,0.113330273729975,43744.4789697345
0.02,37,2,12.2273060850233,2,0.0014288474034736,43370.1875626096
0.02,37,3,-0.937237877705549,2,0.0458872884676141,43515.2316160026
0.02,37,4,5.26713386589843,2,0.0236440428102383,43717.97823993
0.02,37,5,8.24833131111384,2,0.0200668417185192,43788.1306056354
0.02,38,1,-10.1106637450012,2,0.0886954046862776,44086.5467348465
0.02,38,2,-1.68160961526586,2,0.0765639664372254,43159.0256657943
0.02,38,3,4.53785143810545,2,0.0199664642123484,43787.9631751505
0.02,38,4,4.56001440020018,2,0.0138980209217453,44021.7914460199
0.02,38,5,9.82502654681599,2,0.0149476942352003,44561.3863575068
0.02,39,1,-6.16679988682733,5,0.076682092699076,43042.6821342219
0.02,39,2,1.51855606191695,5,0.0355388169547623,44049.5739411765
0.02,39,3,5.39032984526117,5,0.0116684587553128,43118.3993877028
0.02,39,4,1.45656257486793,5,0.0368444299199183,42918.17716747
0.02,39,5,6.45857058165004,5,0.0374211555713482,43970.8643269662
0.02,40,1,17.9344333490429,2,0.037393408679371,43994.9245633474
0.02,40,2,12.374125654587,2,0.00902846340135497,42984.7755655909
0.02,40,3,-1.6283701149815,2,0.025441616347741,43869.3329623427
0.02,40,4,18.6183367370801,2,0.0350436369777944,43683.7214565996
0.02,40,5,15.5275639400478,2,0.000141710969865182,43782.69953198
0.02,41,1,-5.23904587875886,4,0.0740461907272036,43588.5215629262
0.02,41,2,20.4927549810088,4,0.0451910395239037,44371.2547507496
0.02,41,3,4.81580886794545,4,0.0343548203062531,43908.2811985922
0.02,41,4,10.6528829710738,4,0.0261907710618382,42995.6083199916
0.02,41,5,16.2176851669368,4,0.00953012709204131,44427.2731881348
0.02,42,1,5.30231005758876,2,0.0201061219829559,43933.7579047817
0.02,42,2,0.61561621565123,2,0.0329399073936229,42977.4039592359
0.02,42,3,11.4901004040999,2,0.0348806870888137,43753.4501576624
0.02,42,4,11.2536754161633,2,0.00352842935677158,44266.6905219228
0.02,42,5,8.10749836603329,2,0.0222352023539853,43554.4677771585
0.02,43,1,16.9083277892822,3,0.0135401895240949,43226.0836069429
0.02,43,2,11.802094761112,3,0.0718937414171953,43662.4141081277
0.02,43,3,3.91290918145861,3,-0.00255581108220362,43124.6234804236
0.02,43,4,11.4137972437277,3,-0.0249076413269565,43578.7502193237
0.02,43,5,17.5122320305707,3,0.0213896629404143,43844.6757308584
0.02,44,1,25.1522006920817,2,-0.0116585432080653,43499.4246462836
0.02,44,2,13.5697614802205,2,-0.0162209670361341,43258.2962492171
0.02,44,3,12.5993313139752,2,-0.00544158709925133,43472.0149165891
0.02,44,4,10.3909093939947,2,-0.003531619144036,43504.7229815041
0.02,44,5,9.42256019997898,2,0.00833284869253995,44008.0753908473
0.02,45,1,-13.7478575120613,2,0.0893750913671317,43618.1878374957
0.02,45,2,0.242200267117476,2,-0.00307970490712634,42839.9657093545
0.02,45,3,-3.49403455962582,2,0.0586412345635423,42986.5097358008
0.02,45,4,12.1224017429057,2,0.0166587018036997,43109.3779871374
0.02,45,5,4.73631385353006,2,-0.015152231662348,43586.8310510114
0.02,46,1,4.45922574697226,5,0.0747595410526944,43178.0602765475
0.02,46,2,9.42653066216121,5,0.0338879600108011,43743.3891086503
0.02,46,3,-6.40811824629554,5,0.00744395553266344,43252.680111608
0.02,46,4,-1.24741142851396,5,0.0645594008533568,43785.525711335
0.02,46,5,10.8911037218221,5,0.0228626556477692,42821.7869285108
0.02,47,1,10.255993188566,3,0.0775360565610564,43712.2653964657
0.02,47,2,10.7330254963042,3,0.00943377597412161,43381.2465270517
0.02,47,3,-4.7344354326349,3,0.0484835074267159,43052.1950562463
0.02,47,4,3.81801165296581,3,0.00653336204101634,43711.2390144627
0.02,47,5,6.49299820872916,3,0.0289248572156031,43808.2728623241
0.02,48,1,15.1103328479237,3,-0.0488830805712362,43447.503868421
0.02,48,2,6.69446046841379,3,0.0231726669668756,43545.5079260824
0.02,48,3,18.0368726329277,3,-0.0155494460034302,43367.122171628
0.02,48,4,12.3289360253774,3,0.00688466934986872,43127.8244013145
0.02,48,5,10.6575337409014,3,0.0113647812159742,43299.2598692739
0.02,49,1,9.97345843416595,1,0.0674812730498417,43583.9627284694
0.02,49,2,10.4289424646891,1,0.0594061124540474,43968.8941265177
0.02,49,3,-0.247991445408988,1,0.0398407983430227,43682.7217243774
0.02,49,4,-2.69430521941368,1,0.0286437963890513,44015.2315143594
0.02,49,5,4.22874583184051,1,0.0035402158778747,44182.3221699905
0.02,50,1,2.80109151369131,2,0.0859755400753142,43605.0830988385
0.02,50,2,4.05951468846322,2,0.030481370508548,43119.0348649898
0.02,50,3,11.6097137182476,2,0.061668660278818,43705.2181364409
0.02,50,4,-1.53880620976608,2,0.0135164091732431,43550.4960331197
0.02,50,5,7.11164568540247,2,0.0374924061232384,43692.3100684597
0.05,1,1,4.19891288318284,1,0.0743301651923599,42989.1736096149
0.05,1,2,-2.94806966217457,1,0.0657203626210894,44232.7708588806
0.05,1,3,-2.99627648450277,1,0.01154943178107,43256.167497321
0.05,1,4,-0.128977059384974,1,0.0387103316937011,43363.3742964972
0.05,1,5,9.27416790762445,1,0.0139169339006068,43664.2522879723
0.05,2,1,5.21935607096375,1,0.0945046657235204,43157.2415857686
0.05,2,2,-3.04845094719609,1,0.028056752773488,44406.3228662716
0.05,2,3,6.77585700173073,1,0.00659781344781328,43873.2532785091
0.05,2,4,19.2814821286449,1,0.00750337679774893,43550.1590527356
0.05,2,5,2.05167393916835,1,-0.00825922136713776,43709.12120262
0.05,3,1,10.3779786992155,1,0.0218603474662562,43060.023962468
0.05,3,2,5.0874830085706,1,-0.00391185006309007,43634.2611413693
0.05,3,3,-10.983647211461,1,0.0145979914464659,43390.8955067372
0.05,3,4,6.36803704828616,1,0.0124994884996159,43758.2736767119
0.05,3,5,8.78516759118238,1,0.00550856923650117,43848.8446975815
0.05,4,1,14.3973250518349,3,0.0211844010845684,44148.3592302096
0.05,4,2,5.57573464306411,3,0.055234801867981,43697.9767169903
0.05,4,3,3.96340630461543,3,0.0347176601755162,43694.7348163058
0.05,4,4,3.46609318066935,3,0.00466576561588974,43997.9628386244
0.05,4,5,7.07534285462341,3,0.03620190390871,43384.14972703
0.05,5,1,-1.69903332777133,5,0.100886435434222,43860.2542747711
0.05,5,2,1.70275858470033,5,0.0409629236927699,43387.0714410132
0.05,5,3,6.50431835650613,5,0.0149669992410015,43095.484001305
0.05,5,4,-9.22426798129462,5,0.0400045794596248,43650.0507528666
0.05,5,5,-4.75086402493458,5,0.0340581603748694,42991.0913548215
0.05,6,1,15.7801766398367,5,0.0513642216577349,43648.3159257774
0.05,6,2,12.2936353126696,5,-0.0152402329663946,43704.1397176438
0.05,6,3,1.11851633455295,5,0.0113551958004878,43612.7956990197
0.05,6,4,-3.49343598037045,5,0.00136325524054181,43982.6304456021
0.05,6,5,13.1288577818841,5,0.0450460944829155,43248.5567567896
0.05,7,1,11.2524326033723,4,0.00135278741066689,43485.2105409366
0.05,7,2,10.2763536913985,4,0.0295643202604261,43633.3917208776
0.05,7,3,5.9387513990101,4,0.0548464683006238,44324.5445899131
0.05,7,4,-0.338353307760499,4,0.0320779416374944,43346.0772147666
0.05,7,5,4.41091731084295,4,0.0186818319284992,44137.6708364231
0.05,8,1,8.57291427797982,3,0.0157592212726254,43211.0088783343
0.05,8,2,13.7691230907084,3,-0.0372600990672416,43140.3515263587
0.05,8,3,13.6578185893171,3,0.0141325103588489,43767.2113342813
0.05,8,4,6.2706574794598,3,0.013913201664614,44509.6976396418
0.05,8,5,6.30149421463257,3,0.0291559185692236,43792.1347036191
0.05,9,1,4.88143943454324,4,0.0340690694372822,43622.6138032665
0.05,9,2,-0.153379231926923,4,-0.00258542793477822,42916.7682159332
0.05,9,3,4.94808241238569,4,0.0205177370176001,43511.2169978054
0.05,9,4,2.05020033352457,4,0.0154880081956347,42809.2894184228
0.05,9,5,-5.63508744878345,4,0.0336040143703178,43697.9683120761
0.05,10,1,5.92872311895012,1,-0.00482562881058538,42552.3583215502
0.05,10,2,4.22103634439365,1,0.0135808015079334,43360.2933543966
0.05,10,3,2.63166239094228,1,0.025312557894438,43595.4651781091
0.05,10,4,6.12296593817296,1,0.0126603542489541,43814.4157151728
0.05,10,5,3.77454265303817,1,0.0320560680562591,43848.871572115
0.05,11,1,2.58060440381114,2,0.12678240897744,43842.9782872056
0.05,11,2,11.1788036297277,2,0.0657974635352311,43562.5469953882
0.05,11,3,5.21878577545339,2,0.0217585293641362,44280.4091795433
0.05,11,4,1.12301741999751,2,0.0237308104723218,43654.8249740183
0.05,11,5,1.6522105405423,2,0.00610499815465793,43921.5165487272
0.05,12,1,8.80771139090728,2,-0.0136458032349989,43326.7203620114
0.05,12,2,-11.8767328738814,2,0.0296128167047637,43007.9045746862
0.05,12,3,2.21386563731515,2,0.0144832884331828,43361.2505461321
0.05,12,4,10.530292422679,2,-0.00863427781590796,43949.9611520466
0.05,12,5,1.80054865058945,2,0.0436932610350434,44227.075774214
0.05,13,1,5.72389476061817,2,-0.0624001915079165,44158.4684222112
0.05,13,2,-4.55292884127456,2,0.0526387484102321,44275.0269082434
0.05,13,3,-2.86705273736757,2,0.0298978098446529,43704.3189883771
0.05,13,4,1.21999639153902,2,0.0246794931228035,43789.0063919353
0.05,13,5,0.376633440647745,2,0.0351415513097694,43491.4290214935
0.05,14,1,13.4977429053228,2,0.0632645914310169,43659.9899031676
0.05,14,2,-2.10684997560436,2,0.0313804858722725,43441.632346379
0.05,14,3,13.5896227912145,2,-0.00582461144185004,43583.369076725
0.05,14,4,6.61066215416023,2,0.0173665263645303,44052.75236986
0.05,14,5,-3.73113412318536,2,0.00891084564617336,43532.2333705416
0.05,15,1,6.67484666339162,3,0.0456759382647708,42918.6070727039
0.05,15,2,5.25709529550287,3,0.040045690342788,43725.0507104527
0.05,15,3,5.26224934487265,3,0.0210067176101177,44015.9094359467
0.05,15,4,7.81773777620688,3,0.024235130909978,43570.7087562274
0.05,15,5,3.77078361730283,3,0.0140391630230347,43678.5728552624
0.05,16,1,6.77697215349989,5,0.0360924512222589,42935.4828775527
0.05,16,2,7.57425238576176,5,0.0136301739905157,43280.4875473748
0.05,16,3,19.9566222499459,5,0.0258184387353362,43525.6055952849
0.05,16,4,1.67252245027631,5,0.0129574063688558,42955.544603989
0.05,16,5,9.94281941537072,5,0.021234840529713,44238.7165698867
0.05,17,1,8.07921559854124,1,0.022009397377711,43069.7792214047
0.05,17,2,5.27905631997326,1,0.0550648316560042,43710.183471241
0.05,17,3,1.31213074422513,1,0.0239875761609621,43471.3406335563
0.05,17,4,-2.28114781489333,1,0.0278884452938808,43204.1363417665
0.05,17,5,23.5343269118798,1,0.0277287093737292,43869.6644352056
0.05,18,1,6.65033210005463,2,0.0211746094568712,43819.44552471
0.05,18,2,5.11960450472129,2,0.0274943015815011,43342.2296422116
0.05,18,3,5.83017217124896,2,0.0125559778158544,43514.4186794261
0.05,18,4,6.86985354513119,2,0.0238013995229918,43967.6486248573
0.05,18,5,10.0422403991525,2,-0.00997993064957954,44258.2522758783
0.05,19,1,-3.14963598948032,4,0.0626713395828428,43646.711122262
0.05,19,2,3.28916621513138,4,0.0786450441614358,43598.5006593818
0.05,19,3,13.0275515795606,4,0.0418395511751002,43674.2598804578
0.05,19,4,0.863536966977064,4,0.00949634364455866,43215.570735225
0.05,19,5,5.00682052341635,4,0.0278867911590081,43714.4338365594
0.05,20,1,3.1586292004092,1,0.0686290028641513,43268.2337307523
0.05,20,2,16.360598314271,1,0.0331887919580524,43686.1599276305
0.05,20,3,-1.58765209767303,1,0.0495833682175291,44442.1014094296
0.05,20,4,4.55585324858543,1,-0.0134826261954297,43310.3833451523
0.05,20,5,-2.72575608686644,1,0.0261929382384245,43720.4415192024
0.05,21,1,12.1927784863092,1,0.0263611551115377,42905.2129387501
0.05,21,2,8.58211961203838,1,0.0219100118550869,44010.2608468901
0.05,21,3,3.18034390308079,1,0.0383102912173223,43715.4187190956
0.05,21,4,6.33568223740729,1,0.0068813832997698,43964.7230880871
0.05,21,5,10.2892951073326,1,0.0461584211249151,43795.2022336359
0.05,22,1,13.014807749015,1,0.00176634455990587,42839.0050682536
0.05,22,2,3.19930722661462,1,0.0318834986235812,44107.953597336
0.05,22,3,3.71762815626181,1,-0.00507156171455956,44273.0943018772
0.05,22,4,-1.67972532453529,1,0.00494014394320383,43261.1363007928
0.05,22,5,6.09914177365245,1,0.0362072668283975,43321.5701138735
0.05,23,1,18.2765520062714,2,0.051611326150391,43578.5669990282
0.05,23,2,2.97013604398959,2,0.0450063680643809,43641.0221166623
0.05,23,3,10.1992166897021,2,0.000990829810417973,43141.7941101244
0.05,23,4,5.35971938286726,2,0.00745632873809818,43638.7255502427
0.05,23,5,-1.52330985211228,2,0.00143570005274099,43524.3572049807
0.05,24,1,0.559762896711223,1,-0.013333505694168,42978.8981765183
0.05,24,2,15.7690890073462,1,0.0154907546333957,43152.6534649493
0.05,24,3,3.99113393631028,1,0.035120808120678,43498.8434172119
0.05,24,4,1.68153460836812,1,0.0255687956883875,43482.0787091577
0.05,24,5,14.9518169998682,1,0.0188320703871371,43726.1633805769
0.05,25,1,1.46212663120643,4,0.0140781601179748,42610.3679747258
0.05,25,2,9.23596001758714,4,-0.013892747454934,43189.8138338901
0.05,25,3,5.89802526277525,4,0.0112042697524318,43706.0644979658
0.05,25,4,4.63279345999771,4,0.0189335613997566,43596.1751105996
0.05,25,5,6.77291169878786,4,0.036962724119741,44017.5970510684
0.05,26,1,10.9985431476895,1,0.0574284742623326,43262.1386246955
0.05,26,2,3.06430015993539,1,0.0258235869912018,43941.594372462
0.05,26,3,18.7083272539277,1,0.0107419765506753,43385.7238435745
0.05,26,4,7.32924695665532,1,0.0178165403193034,44053.6087556827
0.05,26,5,4.70429205267818,1,0.0114349578269047,43458.426860143
0.05,27,1,7.73875244509989,5,0.0108722309432397,43561.5678803704
0.05,27,2,18.4077269506049,5,0.0207458818157422,43636.5601116126
0.05,27,3,-6.3929009020854,5,0.030936832713241,43384.2800460647
0.05,27,4,-9.59328701439201,5,0.0799406939832224,43370.7116548472
0.05,27,5,8.55005063994228,5,-0.00312256592548639,43273.0650044258
0.05,28,1,2.80233382246452,3,0.0421231831709092,43018.5597613175
0.05,28,2,11.4795222822944,3,0.035508744867325,43017.0650247785
0.05,28,3,11.5343452170853,3,0.0269508290801744,43431.636487276
0.05,28,4,13.8304193474055,3,0.00900765686986457,43348.3492432204
0.05,28,5,10.1343206792323,3,0.0312038653786536,44564.5679033531
0.05,29,1,10.014228572057,1,0.0191524195576905,42821.7865922795
0.05,29,2,13.3437966458152,1,0.00930838107656586,43206.785427991
0.05,29,3,9.6630823298243,1,-0.00244642619915867,43163.0308140942
0.05,29,4,6.37728330875145,1,0.0201551535340153,44112.9562739576
0.05,29,5,11.7229256149363,1,0.00630829036140471,43799.9445075431
0.05,30,1,8.90452773499634,3,0.024603043360971,43634.5932003403
0.05,30,2,2.26551300733626,3,0.0201167857364521,43667.0091393055
0.05,30,3,2.97869622272649,3,0.0214802375159892,43575.0663670702
0.05,30,4,2.05415031397946,3,0.0148734381502142,43851.49801186
0.05,30,5,6.39626309245042,3,0.017486501471849,43284.5197353485
0.05,31,1,14.5581225116208,2,0.00616116276353975,43441.6768546363
0.05,31,2,10.4231268992484,2,0.0103418444046359,43077.0375848899
0.05,31,3,7.7007121263766,2,0.0195203734320793,43824.7314686652
0.05,31,4,12.9666751621364,2,-0.00441443812493121,43585.3030864813
0.05,31,5,-2.88810247096183,2,0.0535714374026422,43439.4841208456
0.05,32,1,11.420760908917,2,0.0502902326727833,43585.8910180591
0.05,32,2,-0.747177196113431,2,0.0173853297344577,43464.0445752902
0.05,32,3,1.43822233444445,2,0.00299167229029255,43516.8177551575
0.05,32,4,11.8501743965769,2,0.00683787533354565,44321.7750471564
0.05,32,5,3.24205545871131,2,0.0181521863021698,44105.0946349651
0.05,33,1,-1.39218286737328,1,0.0164452320811221,42819.8858633885
0.05,33,2,12.1992630854977,1,0.0169266432908398,43163.1580086644
0.05,33,3,9.88018042420843,1,0.0120585320876491,43959.8700446426
0.05,33,4,14.8450317473376,1,0.0289530035753018,44130.3901185674
0.05,33,5,4.40272756601097,1,0.00238322492181354,43219.1321442593
0.05,34,1,11.9453711742735,3,0.0615661749813046,43663.6866320545
0.05,34,2,0.731869593924435,3,0.0481286982495732,44110.0678473423
0.05,34,3,7.46193329512941,3,0.0671434896357517,43894.0984195749
0.05,34,4,-4.27297365123075,3,0.0529106071321351,42895.6737176961
0.05,34,5,3.23449826224217,3,0.0241408779135572,43284.9038984756
0.05,35,1,-5.34649201693281,1,0.0505538861959103,42931.2481143998
0.05,35,2,5.43747258844501,1,0.0373816551698613,43254.5953485087
0.05,35,3,1.69182502444059,1,0.0195467249180074,44383.4523714597
0.05,35,4,15.4308774686876,1,-0.0022595587457804,43996.5773644771
0.05,35,5,6.6841499986499,1,0.0167930768039195,44050.4744414613
0.05,36,1,-5.25578356312998,4,0.11439980804912,43438.268078273
0.05,36,2,-3.56536713280581,4,0.0718381143333838,43790.8560066638
0.05,36,3,11.8432697303451,4,0.0342669549990177,44059.0469610648
0.05,36,4,10.6256909195124,4,0.00456611341701289,42540.5550957471
0.05,36,5,4.74293426874334,4,0.0209121879057614,43792.2547046585
0.05,37,1,19.521086288891,1,0.0598199921205957,43300.2214774883
0.05,37,2,-2.88118580379221,1,0.0438249592885678,43936.7686613522
0.05,37,3,1.6316010614392,1,0.0297522400274709,43652.6313898671
0.05,37,4,10.377822915466,1,0.00584556515674405,43512.4028963389
0.05,37,5,0.461687309733884,1,0.045675350735225,43492.8667301259
0.05,38,1,3.96949469972772,3,0.113541668896006,43820.1504899282
0.05,38,2,9.99912458849055,3,0.0458732941375752,43758.2641217157
0.05,38,3,9.27470721291597,3,-0.000563237895872419,43221.8562878425
0.05,38,4,-0.239246775768585,3,0.0287509740575058,43756.5785599718
0.05,38,5,5.78532216962825,3,0.0381149167347242,43380.5377938659
0.05,39,1,6.9027559890165,2,0.0570847232102987,43273.1782892364
0.05,39,2,3.84134111635569,2,0.0324222082557151,43033.0180289234
0.05,39,3,-6.53891681459731,2,0.0292052195997667,43351.4801279918
0.05,39,4,3.82664207504743,2,0.00175353327353205,43589.719075988
0.05,39,5,-2.58903779957754,2,0.0290690905187497,43748.1016238415
0.05,40,1,-4.89009635991919,3,0.0329246275989258,43428.6819022941
0.05,40,2,9.60406761883251,3,0.017171568102626,43862.3458749043
0.05,40,3,6.55623806883156,3,0.0058878278783421,43288.7617366824
0.05,40,4,21.178353040489,3,-0.00319912826475241,43657.6717106889
0.05,40,5,-0.516404778788586,3,0.0101258160287367,44344.8006168593
0.05,41,1,20.822612449818,2,0.029596237650652,44093.0201988064
0.05,41,2,-5.68455746129425,2,0.0641065740711217,43545.5266543937
0.05,41,3,18.276724192909,2,0.0325062279922517,43964.6504360457
0.05,41,4,7.93103608735634,2,0.029541698561871,43783.5800718812
0.05,41,5,4.03683136028674,2,0.00401529020394826,43738.8285619442
0.05,42,1,-1.38439129852453,1,0.0874866987231222,43004.897807024
0.05,42,2,5.09816225387039,1,0.0446520552866008,43994.8855060614
0.05,42,3,-2.17077007050381,1,0.049898353891091,43772.4572252781
0.05,42,4,8.34034190239983,1,-0.00272106173672445,43427.2033026949
0.05,42,5,12.4985428981656,1,0.0196248316124886,43459.5110301833
0.05,43,1,14.5607802311928,3,0.0278803413769583,43520.1008027428
0.05,43,2,12.1238920657582,3,0.0270774662336573,44184.6606854094
0.05,43,3,1.81427939980629,3,0.0444327753124519,43383.7679816274
0.05,43,4,11.7679228603569,3,0.0245621301525863,43476.7706993572
0.05,43,5,18.9583404392768,3,0.0129664163675323,44268.9515974074
0.05,44,1,-16.4219468407979,1,0.0886217683227369,42894.116032134
0.05,44,2,0.31676020154291,1,0.0615667319374748,43310.7451307341
0.05,44,3,6.96305307346412,1,0.00680939586081417,43880.011359962
0.05,44,4,-2.21862794923379,1,0.0268442509007541,44169.202372436
0.05,44,5,-2.3820250593784,1,0.0238506211400886,43502.4240561763
0.05,45,1,7.85295473301853,1,-0.0150271753416721,43289.1928190197
0.05,45,2,0.477470030335249,1,0.0338093642072648,44209.9652973912
0.05,45,3,-4.15529975794893,1,0.0633004521623877,43536.5184672888
0.05,45,4,8.11683144910292,1,-0.0108205212837109,43782.9296110686
0.05,45,5,7.70800904377512,1,0.0311605693579014,43620.9054243495
0.05,46,1,14.1688955902743,5,0.0395051057500886,44047.6167330309
0.05,46,2,3.17966514490013,5,0.0456577816809107,43710.3137696872
0.05,46,3,5.38260251772454,5,0.0306347712402133,44261.1568855973
0.05,46,4,15.3466136763999,5,0.0312505902606191,43396.7491985573
0.05,46,5,6.65967144234126,5,0.0101820304990493,43380.9391884238
0.05,47,1,4.98832960803522,1,0.0524423329432883,43246.8312441191
0.05,47,2,-12.0156455798179,1,0.0538036707475933,44193.3811391269
0.05,47,3,-5.42515729336055,1,0.0380650132886275,43461.3685932898
0.05,47,4,17.6985564208038,1,0.0415281103352406,43683.6019112253
0.05,47,5,11.3305797943612,1,0.0177161971616811,43819.458728423
0.05,48,1,3.20325298011852,1,0.0733197727084009,42714.389579681
0.05,48,2,10.8448640208422,1,0.00116505709753227,43303.8459341392
0.05,48,3,10.7015442032025,1,0.00412405144376051,43182.7721775718
0.05,48,4,0.00219118561851677,1,0.0198513323453104,44322.7151304881
0.05,48,5,10.9463648958583,1,0.00347671407123675,43552.9412947737
0.05,49,1,12.1852144619116,3,0.0447833048466241,43710.4614897762
0.05,49,2,3.61769979655789,3,0.0618897182246934,43794.8364474638
0.05,49,3,3.80557699618278,3,-0.00606145930648445,43073.2694889649
0.05,49,4,-3.69738517333939,3,0.0107423327600312,43598.1542719561
0.05,49,5,1.53319374707395,3,-0.00792964104203138,43639.4802464293
0.05,50,1,1.08006224573759,1,0.0350874440147302,42791.1526743389
0.05,50,2,4.05108793436989,1,0.0256641935968719,43619.0287668145
0.05,50,3,-3.98395900704845,1,0.0299089555990588,43456.8044153781
0.05,50,4,3.37062950428856,1,-0.000908922732202125,43668.5095379651
0.05,50,5,4.34254161492539,1,0.0208857813748377,43604.9444399094
0.1,1,1,-4.28447337215458,1,0.0615191609815162,42593.1988378842
0.1,1,2,1.61660528701327,1,0.035715906715976,42915.2188247567
0.1,1,3,2.30413821364539,1,0.0278772315372387,43734.78023805
0.1,1,4,2.46052764534154,1,0.0339455751807638,44052.3531814734
0.1,1,5,2.55866394771241,1,0.0308499144680689,43766.4059898568
0.1,2,1,1.93271144772454,3,0.0562291884131691,43338.0334666808
0.1,2,2,4.78999832190344,3,0.0126900810299737,44545.921578951
0.1,2,3,2.33739862375584,3,0.0131234060367204,43195.3114949403
0.1,2,4,0.0822092296178745,3,0.0188717258075067,43551.7173598936
0.1,2,5,-2.72870086367247,3,0.0167256306173259,43801.3672220959
0.1,3,1,2.27210272909219,1,0.0337713618225436,42848.9690119389
0.1,3,2,3.82668141827558,1,0.0159542363069856,43375.793576734
0.1,3,3,11.5291789004805,1,0.0269751403303633,43894.4341111409
0.1,3,4,-5.43238066970017,1,0.0532345246789744,43186.3498278796
0.1,3,5,3.50605771587741,1,0.0252899184714237,43415.7978848163
0.1,4,1,-9.07394005840564,2,0.153423256742692,43776.5283980898
0.1,4,2,4.18158752493097,2,0.0253483297657712,43115.4976981379
0.1,4,3,11.7568362578905,2,0.0276959674352273,43427.4017567
0.1,4,4,4.580975256752,2,0.0406580550244376,43478.4840426887
0.1,4,5,-2.41745031216015,2,0.0375461976252301,43639.78297742
0.1,5,1,5.66490798911326,1,0.106340498497395,43320.5557693659
0.1,5,2,6.44779147886879,1,0.082523478444721,43530.9512213752
0.1,5,3,-1.49619938066079,1,0.00878081618301102,44430.0534284849
0.1,5,4,-0.452465939470802,1,0.0335165000426541,43697.0829519829
0.1,5,5,2.45526596899019,1,0.0125359366901729,43347.2424146586
0.1,6,1,-1.9467480786162,3,0.136684285050626,44429.8211866851
0.1,6,2,3.56976069717577,3,0.00403643546123219,43176.2863076249
0.1,6,3,-0.0589989076063447,3,0.0352156455077183,43354.5063184655
0.1,6,4,3.85516625801855,3,-0.0496386629975641,42889.7348474411
0.1,6,5,0.924768050992869,3,0.0342114665097956,43958.2480749008
0.1,7,1,-8.26468788109396,3,0.0913296687110103,43263.3658010258
0.1,7,2,7.60437976399854,3,0.0333443792329106,43266.0594824029
0.1,7,3,7.40010078825552,3,0.0558931297196947,42997.6501007568
0.1,7,4,9.10995988452864,3,0.0175708574086667,44243.0938621802
0.1,7,5,8.71126047911576,3,0.0162361785274675,43775.0447931222
0.1,8,1,10.5826467484754,3,0.0486796801196452,43288.0968166309
0.1,8,2,9.27473991577989,3,0.0371095597012521,43453.2894016776
0.1,8,3,8.27548131247704,3,0.0258479929211376,43242.3606146812
0.1,8,4,2.52596398873469,3,0.016891847018638,43386.4082809628
0.1,8,5,3.19999511845567,3,0.0105907441923157,43929.4805585466
0.1,9,1,14.6855828111469,3,0.0279651195895803,43033.2326924627
0.1,9,2,-2.92133367240267,3,0.0768523786046203,43619.5807510392
0.1,9,3,-2.94854051990372,3,0.0418805059961943,43078.1045329247
0.1,9,4,0.359969511088422,3,0.0369547699044749,43367.189024274
0.1,9,5,5.11040400208832,3,0.00970744181515243,43815.4615807905
0.1,10,1,10.1419755389995,3,0.038356626101559,43576.1003634807
0.1,10,2,19.4936272022073,3,0.0107816420837362,44083.8933500058
0.1,10,3,9.87585285355444,3,0.00813994932730092,43561.4780457733
0.1,10,4,5.22856815796508,3,-0.0181356168031889,43702.0585844543
0.1,10,5,10.9415124803462,3,0.00623050951540534,43676.8212950285
0.1,11,1,-2.83987253641462,1,0.113237962367144,43301.8007119249
0.1,11,2,4.34168288815016,1,0.0664272627598998,43406.7299308366
0.1,11,3,9.12799523926831,1,0.0413694007178358,43641.0280913179
0.1,11,4,-5.55900224608507,1,0.036084409374456,43478.9912592602
0.1,11,5,11.2438785917278,1,0.0105845565641299,43525.5279239447
0.1,12,1,-0.0630016788718442,1,0.071955087422929,42623.1865661062
0.1,12,2,-2.43865647573105,1,0.0507445223742425,42979.6762922374
0.1,12,3,2.61434906676183,1,0.0271308245294161,43900.643905251
0.1,12,4,8.06545246184403,1,0.00126654628737633,43765.7800721385
0.1,12,5,2.48275042133167,1,0.0333290844342896,43258.4349090101
0.1,13,1,2.26993562022158,4,0.0426945393607735,43297.3770286525
0.1,13,2,12.9071633410401,4,0.0283232060725839,43926.0915555783
0.1,13,3,-1.06217533263713,4,0.046152637779505,44251.4210386348
0.1,13,4,11.185156116604,4,0.00215352073365049,43087.7049315254
0.1,13,5,-2.55679194503552,4,0.0255844329765521,43777.3844374512
0.1,14,1,6.71242091563904,1,0.0319295345308602,42922.1342096597
0.1,14,2,-6.54776440424557,1,0.0447030279081317,43128.9781426196
0.1,14,3,-1.1184680634522,1,0.0298582707167738,43473.449020338
0.1,14,4,8.5387553841031,1,0.00808585735867181,44407.8648474651
0.1,14,5,2.53819880861257,1,0.0140091827975857,43713.3195358923
0.1,15,1,9.78788518826035,1,0.0628500255496375,43714.3960943964
0.1,15,2,1.36949257666941,1,0.0353108326824935,43907.2638375454
0.1,15,3,10.011059648251,1,0.0287938904136718,43939.9915190512
0.1,15,4,5.1641845818433,1,0.00724873923673865,44165.5194742048
0.1,15,5,6.73488185208804,1,0.0139509772034107,44168.7901564135
0.1,16,1,2.14525261966043,1,0.0611280159719126,43344.7080169516
0.1,16,2,-3.02328782827965,1,0.034391405460685,43416.6213413883
0.1,16,3,8.33519531982402,1,0.0368694257387173,44434.2370650719
0.1,16,4,13.1148355838245,1,0.0179878234662314,44206.9241262538
0.1,16,5,14.6975547646334,1,0.0181164080539129,43659.7364841958
0.1,17,1,-1.83299111723901,3,0.0333157142471603,43067.8598011914
0.1,17,2,-2.08364163844655,3,0.0639885424906427,43124.0122297376
0.1,17,3,-0.296396863645092,3,0.0263334735378976,42822.4654662032
0.1,17,4,-7.20758684560403,3,0.0394854121767572,42988.6214824373
0.1,17,5,1.46170813121138,3,0.0222221365106363,42975.3252755798
0.1,18,1,3.73516352804463,2,0.0710382086744381,44121.5357578101
0.1,18,2,-6.52495637210577,2,0.0398249945319616,42916.2334649989
0.1,18,3,-3.99566678419046,2,0.0184943764278443,44054.0741350529
0.1,18,4,-1.95935762202919,2,0.00292128437437022,43450.7154642921
0.1,18,5,2.43913253107111,2,0.0128635309824953,43635.1468406203
0.1,19,1,8.81752855995504,1,0.0263201252859395,43133.5548774616
0.1,19,2,-13.2520641936267,1,0.102240436207743,43153.797804939
0.1,19,3,-1.52604717203376,1,0.0412275378822386,43147.0357022643
0.1,19,4,6.8630543017257,1,0.0190855714616031,43702.4956707911
0.1,19,5,5.87080852062669,1,0.0131767116492603,43503.8605270166
0.1,20,1,3.43203987497695,5,0.0762988944887407,44120.3438354374
0.1,20,2,7.36201513518423,5,0.0286229605001251,43787.2002665003
0.1,20,3,-9.51872369119299,5,0.0389481126425487,43614.7241374704
0.1,20,4,0.18856614134165,5,0.00352208854355075,44028.446700277
0.1,20,5,7.46081958788491,5,0.034556990386835,43447.7723814508
0.1,21,1,-8.69921009775562,3,0.0730225661505352,43715.6151024809
0.1,21,2,1.04024393565873,3,0.0430947492179189,44429.3105705136
0.1,21,3,2.11340521642629,3,0.0258827985775478,43486.6661591877
0.1,21,4,12.1301406724397,3,0.040778567514648,43909.3571248355
0.1,21,5,4.67151332334086,3,0.0332274936672546,43425.5189935503
0.1,22,1,-1.57399181766695,1,0.0716260233564089,42982.5965475613
0.1,22,2,1.13039491511595,1,0.0149026838795154,43065.45833655
0.1,22,3,-3.35079833171991,1,0.0233769560901419,43328.2557002445
0.1,22,4,18.6855710302296,1,-0.00371174481221316,44125.9148028219
0.1,22,5,6.67459493257421,1,0.00373489234088052,44131.9060638823
0.1,23,1,0.632705228356359,3,0.0886030305153016,43473.708075745
0.1,23,2,5.26951533159403,3,0.00631148677985709,42934.0368101612
0.1,23,3,4.18531138562078,3,0.0739613955216693,43222.1184263778
0.1,23,4,-7.17214217472269,3,0.0303816968969514,43550.5309044465
0.1,23,5,-3.71461474220738,3,0.059336705001745,43519.4806608036
0.1,24,1,-7.21368088063659,1,0.0851615063770618,42485.766028923
0.1,24,2,-4.55078930317466,1,0.0293077812988041,42766.1185781372
0.1,24,3,4.16357344095474,1,0.0335723161783805,43248.5517037277
0.1,24,4,4.30525484914886,1,0.0532317353310028,44021.261629572
0.1,24,5,1.67680401469197,1,0.0329489945509413,43242.7721380344
0.1,25,1,3.15073544719622,1,0.0757093169394879,43028.870864188
0.1,25,2,-7.44236371599735,1,0.0538340055592015,43076.230675026
0.1,25,3,7.91953533456551,1,0.0363085529780699,43376.1268207191
0.1,25,4,-6.40927396513734,1,0.0272495756054567,43179.9898926186
0.1,25,5,6.87957201982957,1,0.0226074775798842,43843.0147883517
0.1,26,1,7.8036939254689,1,0.0273232244320973,43206.5616853333
0.1,26,2,-9.07401506516787,1,0.0362868973937763,43623.5512945377
0.1,26,3,9.29807833433787,1,0.027355381435248,43673.4518938916
0.1,26,4,9.96492584359378,1,0.00260271821553057,43636.7694576579
0.1,26,5,-1.73408836106602,1,0.0159432886484275,44019.1015462164
0.1,27,1,6.51011793642846,2,0.0412524085120133,43202.3837685552
0.1,27,2,3.06575862477805,2,0.0849121399495136,42940.1256110018
0.1,27,3,-1.71768441437703,2,0.0901439205198039,43733.5773419774
0.1,27,4,10.9913280020938,2,0.0316433455695724,43700.3593494855
0.1,27,5,3.8441381241131,2,0.00549192825639168,43651.1065516223
0.1,28,1,11.5117231966291,1,0.0726720001095404,43378.0691630805
0.1,28,2,15.5297221742394,1,-0.0130565810367613,43464.8522486891
0.1,28,3,3.20375654434542,1,0.0399749435942328,43614.1974205594
0.1,28,4,5.78900603632995,1,0.021705313192622,43478.9425337941
0.1,28,5,13.4438014839631,1,0.0367653594233934,43663.3519026125
0.1,29,1,12.4025561541065,3,0.0119056900121534,43732.0114363415
0.1,29,2,-2.83393409214991,3,0.0530697291807623,43589.5566776247
0.1,29,3,0.394150011538176,3,0.0610455488866294,43577.5699258605
0.1,29,4,-0.52883241007239,3,0.0336083902929835,43712.967403551
0.1,29,5,-0.103082637869844,3,0.0402000394699821,43467.6171771082
0.1,30,1,9.09301319382319,4,0.0980132613119433,44366.4075520874
0.1,30,2,16.6247560672748,4,0.0612942074738251,44300.9478636953
0.1,30,3,-1.66424073882685,4,0.0440057677504848,43539.9900141946
0.1,30,4,5.6125119903917,4,0.0201812928044795,43409.8299703449
0.1,30,5,0.327629631629532,4,0.0143362231770955,43915.491951608
0.1,31,1,7.55980201812538,3,0.0687163312343663,43580.5668636297
0.1,31,2,1.12698452557234,3,0.0429533406178615,44107.3517387398
0.1,31,3,0.824738789053117,3,0.00477758285438127,43007.1495758676
0.1,31,4,0.0996673682365348,3,0.0360143592939377,43753.3609449857
0.1,31,5,13.2035474625427,3,0.0240306505459343,43278.1158501611
0.1,32,1,4.79672565440332,5,0.0774033625207051,43416.2984491646
0.1,32,2,3.75972457126577,5,0.0568375134941366,44016.0711113715
0.1,32,3,7.62400629094044,5,0.0247416723710949,43583.9832284968
0.1,32,4,11.4580095128505,5,-0.0186444677695151,43954.3543120435
0.1,32,5,3.90938533205516,5,0.037937725754966,43328.6493405794
0.1,33,1,6.4050285260453,1,0.0704618850101424,43258.709014405
0.1,33,2,7.36821500435305,1,0.0349835992606873,43844.4880909474
0.1,33,3,7.09205007379672,1,0.017788378054901,43828.9140239107
0.1,33,4,-1.5926409042587,1,0.0454834743189383,43335.030625071
0.1,33,5,10.0006727948525,1,0.0112067389638644,43460.9623634641
0.1,34,1,11.3091718430259,4,0.0664190932751179,43887.2434707562
0.1,34,2,14.1368810621946,4,0.0347516103787213,43915.0474373609
0.1,34,3,-0.927256651866552,4,0.0477262790334876,43810.0866871953
0.1,34,4,5.73656869154679,4,0.0372838015870658,43118.8681841094
0.1,34,5,6.46237758828983,4,0.00452701581740395,43732.2745166391
0.1,35,1,-3.42941384474998,5,0.122099847813129,44022.8820179042
0.1,35,2,5.78843383497901,5,0.0547865881053762,43217.9948909195
0.1,35,3,12.4722136184516,5,0.0170030565225314,43130.8059401088
0.1,35,4,-3.81383794344804,5,0.0489334573494853,43933.3993068114
0.1,35,5,7.27511876468191,5,0.0102579849540715,43799.3203932806
0.1,36,1,13.1105534848912,4,0.0711212678179629,43176.5716544917
0.1,36,2,3.85084336180984,4,0.0228764735826976,43102.5870839139
0.1,36,3,8.40296251043455,4,0.00405801024232503,43543.6410798455
0.1,36,4,9.39735716269645,4,0.0157957250645121,43306.4095043693
0.1,36,5,3.45403134538957,4,0.0302817497190815,43296.6896113615
0.1,37,1,1.79726659848269,1,-0.00428841501617932,42996.4481406322
0.1,37,2,11.5310252834878,1,0.0288825259746501,43194.8771914336
0.1,37,3,-0.400389579159588,1,0.0469111873887213,43711.3421890644
0.1,37,4,6.76948360713867,1,0.0359842964448543,43978.2429341255
0.1,37,5,3.72238660037529,1,0.0240707922708496,43372.3129193721
0.1,38,1,19.2613190381648,5,0.0687764604403866,43232.1602793931
0.1,38,2,7.48156503462992,5,0.0358521144835687,43565.1252749226
0.1,38,3,-3.40470753751698,5,0.0244277569546131,43967.3961103696
0.1,38,4,10.0648409288661,5,0.0190859014407582,43966.7360967915
0.1,38,5,14.5887461968881,5,0.00744472861409124,43871.4270293851
0.1,39,1,12.5367860518163,1,0.042074609346039,43897.5396184134
0.1,39,2,8.81383610194435,1,0.0327021387748121,43469.9428896011
0.1,39,3,-3.37502223591513,1,0.0355031309487368,43190.1166423761
0.1,39,4,6.74879320874765,1,0.0259278786979897,43632.8783157589
0.1,39,5,10.0157316747144,1,0.00220703963186651,44159.1111308679
0.1,40,1,-12.5004223702706,3,0.0816378327418994,43404.7908402035
0.1,40,2,2.76070218378225,3,0.00291456490201042,43509.7598865973
0.1,40,3,2.42794138772492,3,0.0308502713745906,43087.1005011397
0.1,40,4,-3.70239400439282,3,0.0483964815278452,43681.8284706435
0.1,40,5,2.96797146313275,3,0.0314649795810125,43281.2415124027
0.1,41,1,6.39729022305238,1,0.0170320069025667,43280.6821093421
0.1,41,2,2.31977336973817,1,0.0513388777680453,43474.5144501051
0.1,41,3,-2.53855346936253,1,0.0467119073239246,43463.8885145026
0.1,41,4,-1.41755950260801,1,-0.00252785557828049,43739.6703364424
0.1,41,5,-4.70489453910201,1,0.029376946520255,43103.3747287993
0.1,42,1,-3.05091645152026,2,0.144694787556259,43429.2405567674
0.1,42,2,4.0577307118235,2,0.0276738439364484,43368.1768462484
0.1,42,3,-1.24695342948243,2,0.0634421671498213,43188.6934824867
0.1,42,4,7.27842605920517,2,0.0182527286739162,42820.6431106312
0.1,42,5,-2.10373115587195,2,0.0233567026408448,43246.7323056967
0.1,43,1,5.419555778903,4,0.099889028267665,43361.0943124564
0.1,43,2,7.25283169710855,4,0.0241978542724905,43537.7725961252
0.1,43,3,3.38629178429017,4,0.0214482973143283,43188.5463931079
0.1,43,4,-10.6413540000812,4,0.102672888284091,42988.2411018118
0.1,43,5,5.53411705447411,4,-0.0132313255736092,44429.3351048029
0.1,44,1,-6.8652361650034,3,0.0757418809702119,43211.5627311714
0.1,44,2,3.02096735845127,3,0.0572744415075849,43945.5972896637
0.1,44,3,2.81988855860795,3,0.033120739650387,43318.8427510484
0.1,44,4,12.934511632577,3,0.0215925585821594,44100.48170795
0.1,44,5,-0.179165582848604,3,0.0231841317973451,43877.0266346417
0.1,45,1,13.9329599983576,1,0.0183497839862896,43323.4518006757
0.1,45,2,2.40143308671542,1,0.0244034028026384,43518.8005847083
0.1,45,3,9.42839081193202,1,0.0332811841745738,43828.0142321904
0.1,45,4,12.211112229203,1,0.00688042762643127,43488.2776832793
0.1,45,5,4.93974473670277,1,0.0279680556927937,43634.8325716872
0.1,46,1,14.8029249283193,2,0.0807124237655627,43126.1549361409
0.1,46,2,8.29848175322254,2,0.0401468615778222,42629.2876400521
0.1,46,3,0.927145039350679,2,0.0355094778063524,43512.6483411976
0.1,46,4,14.1816829854821,2,0.0271912795559454,43677.7634688301
0.1,46,5,7.98542385469985,2,0.00561561333774771,43776.2418620769
0.1,47,1,6.23418378460609,2,0.0155797931984964,43388.113143174
0.1,47,2,3.67095894923249,2,0.0475751530235652,43077.2569072346
0.1,47,3,6.35586533646781,2,0.0327166235970188,43561.0446400116
0.1,47,4,8.79121207976478,2,0.0280486732020605,44042.1100800661
0.1,47,5,2.84960465250036,2,0.013894450103649,44062.9566457207
0.1,48,1,-5.45555154645601,5,0.120668139144582,43952.3505174418
0.1,48,2,15.2400734533781,5,0.0194799683386157,43826.6978204257
0.1,48,3,-3.3036996083479,5,0.0315452849557866,43906.0802851827
0.1,48,4,1.56144573564698,5,0.0268922091139175,44236.3646501189
0.1,48,5,1.82307530525489,5,0.0382208182361343,43387.0976177132
0.1,49,1,3.72660545715845,3,0.0255616052115105,43351.1267921459
0.1,49,2,0.376164257287336,3,0.0525700091130014,43997.2887327107
0.1,49,3,-5.29219062847318,3,0.0348763733369016,43249.1448478529
0.1,49,4,3.56390618133229,3,0.0252391242436171,43796.8129735408
0.1,49,5,11.7335818317217,3,0.00776550681347626,43617.0094027601
0.1,50,1,3.81853048296081,3,0.0426088240563968,43460.5797288591
0.1,50,2,-0.318336677884823,3,0.0444787845525088,43331.9995021069
0.1,50,3,10.5234318180376,3,0.0373247972169995,43824.9867759429
0.1,50,4,-2.26449884927546,3,0.00856441940881061,43043.3311035709
0.1,50,5,8.07003135392275,3,0.0158598544054447,43582.0885459482
0.15,1,1,12.4193508841553,3,0.0601155439314738,43165.1742942177
0.15,1,2,1.4193549061664,3,-0.000580578069082089,42621.7502744345
0.15,1,3,2.59677121548469,3,0.0252900631930606,43406.7903408161
0.15,1,4,0.0536396608906803,3,0.0219481220976544,43765.5434711372
0.15,1,5,21.9400792543089,3,0.0302365441009472,43587.7455370475
0.15,2,1,0.262598006146889,5,0.0311879418802613,43158.0033819517
0.15,2,2,14.7870891204959,5,0.0257790625578506,43981.2624512252
0.15,2,3,7.04487985392593,5,0.0367488232485341,43587.7801536954
0.15,2,4,3.66418427613464,5,0.0121986342018686,43595.9739709152
0.15,2,5,2.5150325377749,5,0.0632924353576946,43080.0229615966
0.15,3,1,-4.94119722614024,3,0.0557140986036261,43311.6637020965
0.15,3,2,2.71623711190235,3,0.0221433710914816,43680.4820489525
0.15,3,3,2.64923149631364,3,0.00878239152891788,43639.8141775157
0.15,3,4,-7.14060758122452,3,0.0432869889343329,43564.8580085316
0.15,3,5,0.627970123630462,3,0.0313217823839906,44023.1074296015
0.15,4,1,2.50477367666661,1,0.0983104653391095,42908.9578694129
0.15,4,2,-3.2184818741966,1,0.0772937821348044,43388.8527137695
0.15,4,3,4.04584982654561,1,0.0604498685508291,43557.7527295222
0.15,4,4,2.44924623593992,1,0.0370534898249648,43022.6938546382
0.15,4,5,5.17127711980847,1,0.0381207008595486,44197.2935894843
0.15,5,1,18.1681558010151,3,0.0669817721651305,43748.3856179421
0.15,5,2,-1.7106383109823,3,0.0651494947863884,44133.7549300859
0.15,5,3,9.13239744363089,3,0.0235096426386576,43256.3462220661
0.15,5,4,1.43342270332904,3,0.0657426952004404,43988.4876922383
0.15,5,5,6.25690033668129,3,0.0194872705614082,44090.6968574838
0.15,6,1,7.56795926982277,3,0.0852924507850249,44122.020839665
0.15,6,2,-5.99808933198191,3,0.0419760606896509,43773.4429942271
0.15,6,3,3.5568834429021,3,0.0554869931059642,43646.8993482581
0.15,6,4,3.03447485257368,3,0.0263425322251726,43792.5557106007
0.15,6,5,0.0316306287585945,3,0.042428568401131,43952.5693539968
0.15,7,1,3.75189592593806,1,0.00355597453530544,43040.9707826461
0.15,7,2,16.0229008895489,1,0.0391238274830608,43775.6946284321
0.15,7,3,4.47051814722099,1,0.0198864379070981,43845.2178585248
0.15,7,4,5.02151667066695,1,0.0376866200839858,43912.8079830919
0.15,7,5,4.63529218508141,1,0.0270219626083561,43695.8198291927
0.15,8,1,13.1889218106631,2,0.0507171111123911,43779.9122221452
0.15,8,2,4.80522104252254,2,0.0681242340445929,43006.4900926459
0.15,8,3,-3.42215144897542,2,0.0663237350401369,43492.2163393645
0.15,8,4,16.1757060613608,2,0.00872518979502238,43609.7522109124
0.15,8,5,18.5894469027884,2,0.0383343311969739,43977.6693241027
0.15,9,1,8.32867496818953,3,0.0392180734458212,43445.4693433863
0.15,9,2,8.02875550816628,3,0.0225249290349275,44234.2785731487
0.15,9,3,0.841040177138725,3,0.00779529934040119,43358.0071389153
0.15,9,4,18.6061692442624,3,0.0202005311850838,43786.3733512674
0.15,9,5,-2.9518218170292,3,0.00477262257420936,43976.9283995724
0.15,10,1,-4.91067138074157,3,0.130642949579516,43551.7025839189
0.15,10,2,-1.38912217927927,3,0.0710571832627571,42902.4776075079
0.15,10,3,9.78798092368979,3,0.0172947414495502,43246.2523836619
0.15,10,4,0.745983458764191,3,0.0349790081871045,42771.9289196936
0.15,10,5,2.42135264173878,3,0.0246334696005795,43456.445298661
0.15,11,1,-10.5271005612315,1,0.0669911609760365,43072.7692465415
0.15,11,2,-2.74815645921283,1,0.0386956376887556,43199.6310854715
0.15,11,3,-1.0720011473165,1,0.0199726522837574,43237.3900905883
0.15,11,4,9.9695821341617,1,0.0253771355390716,43590.2461136052
0.15,11,5,7.51800174933358,1,0.00702691621523125,43555.3271261782
0.15,12,1,-8.82394182077767,2,0.0872053226613718,43703.2749749662
0.15,12,2,4.98241671741305,2,0.0166600881136065,43384.1368261753
0.15,12,3,7.54188740067726,2,0.0293240030866807,43508.2548553442
0.15,12,4,-3.28598822596103,2,0.0139552612968596,43925.0039862813
0.15,12,5,-3.62704893087606,2,0.0219987790669969,44005.6577874248
0.15,13,1,6.76590413392561,1,0.0520517202364333,42711.6282097609
0.15,13,2,-7.28689679839285,1,0.0687725160489561,43081.038402515
0.15,13,3,4.969053584414,1,0.0261580278645453,44666.5795054305
0.15,13,4,-3.5404016185169,1,0.0272867819294005,42978.7465767779
0.15,13,5,0.529200331778812,1,0.0223113978161328,43903.4768296662
0.15,14,1,-5.66506880504723,3,0.0461480752956058,43243.705352673
0.15,14,2,12.843118074464,3,0.0868367623564016,43957.7738387397
0.15,14,3,12.1766517342827,3,0.0274840668044063,42978.5571214729
0.15,14,4,18.8123379203271,3,0.0253989998070094,43444.4638943558
0.15,14,5,1.38762382826392,3,0.021032155544812,43984.2833743471
0.15,15,1,2.11411720767781,3,0.0878580717594735,43176.9704195792
0.15,15,2,12.8807678634446,3,0.00971807017937723,43315.9555678819
0.15,15,3,8.34430675934448,3,0.0270252823021308,43785.5166926588
0.15,15,4,7.04248313898151,3,0.0186536320970011,43865.2881174261
0.15,15,5,-8.9586766809345,3,0.0721090586730011,42877.6461193324
0.15,16,1,2.04326512238451,3,0.056740595413784,43439.8587256969
0.15,16,2,6.23350626442912,3,0.0470194682143583,43222.031972908
0.15,16,3,-10.5686735894002,3,0.0796317442518778,42961.3791125601
0.15,16,4,-7.61823944334574,3,0.0416842922313844,43771.7747767325
0.15,16,5,-4.02219806514197,3,0.0186165880761986,43432.3506961292
0.15,17,1,8.45259091174546,3,0.100335435707841,43581.9304534775
0.15,17,2,1.53180845629721,3,-0.00720942591907976,43442.3135677919
0.15,17,3,-8.81984546575989,3,0.0598128923067777,43012.2273641204
0.15,17,4,5.44088673382993,3,0.0313699861982435,43784.9766777029
0.15,17,5,5.52846918723177,3,0.0415910074207661,43479.9309236129
0.15,18,1,-0.926884759724013,1,0.044171989678931,43163.6420546536
0.15,18,2,1.60402917554465,1,-0.0138798795414667,43407.7284403176
0.15,18,3,7.52849620789388,1,0.00645859526033297,43552.3424470935
0.15,18,4,-7.35835099703172,1,0.0329373005730329,43697.1803802748
0.15,18,5,-2.98402946319441,1,0.0181437187959453,43475.9172741436
0.15,19,1,0.261538723029511,1,0.147963019395889,42960.3281849466
0.15,19,2,15.678459403467,1,0.0679694611491974,43504.1660588022
0.15,19,3,10.0540045366786,1,0.00926402755896286,44117.7189366043
0.15,19,4,-5.90921582959105,1,0.0126921905312077,43010.9316410556
0.15,19,5,3.14513893912229,1,0.0228251901293415,43310.3500362902
0.15,20,1,11.8534093458457,2,0.110275831116676,43500.5736449497
0.15,20,2,4.85401412651129,2,0.0260211101734833,42795.8349240296
0.15,20,3,-0.421471807120947,2,0.0295459275851562,43505.8065273125
0.15,20,4,10.0443561250171,2,0.0476878345749563,43988.3092345151
0.15,20,5,9.77774076612411,2,0.00828981521716885,43506.8367125406
0.15,21,1,8.7776045957317,2,0.0206850311872158,43533.7653753456
0.15,21,2,4.40886596827603,2,0.0856114943654311,42817.3631222311
0.15,21,3,-2.52949691994206,2,0.0226076399172529,43231.6770186858
0.15,21,4,7.52102778905426,2,0.0602384643585096,43100.8059278087
0.15,21,5,1.12703898289583,2,-0.0112910100396773,43458.4858606925
0.15,22,1,13.3037557564804,2,-0.00655397951057467,43602.5248332433
0.15,22,2,4.40555573135433,2,0.0895102249151435,43191.0857119744
0.15,22,3,2.73590895603683,2,0.0335880538521397,43613.383662388
0.15,22,4,11.4095023322524,2,0.025641326197639,43656.1240508588
0.15,22,5,5.40184000537014,2,0.0244257451888161,44278.817395394
0.15,23,1,8.21588194548321,1,0.0725188803224155,42724.2011729955
0.15,23,2,4.9043207627754,1,0.0475034809927458,43757.8002203936
0.15,23,3,5.40438080281356,1,0.0726479648896985,44608.7807424155
0.15,23,4,2.03802005865839,1,0.0567422400709037,43149.6185181742
0.15,23,5,4.38867122906827,1,0.0279851013877758,43912.933677668
0.15,24,1,4.27863938445368,1,0.0179232396692648,42543.9060214094
0.15,24,2,6.62632650513139,1,0.0694876522946146,42932.2753748188
0.15,24,3,2.07135282855727,1,0.0292768578415654,43812.5969240254
0.15,24,4,0.175298933356851,1,0.0269667132129762,43578.4986546303
0.15,24,5,3.19729661963164,1,0.0077771784468022,43689.8219588464
0.15,25,1,14.1359917737214,2,0.00212443593422731,43625.8315847805
0.15,25,2,-1.29280354933644,2,0.0646232239793943,42975.3818858054
0.15,25,3,6.6674022271183,2,0.0332903022477417,44010.9486368838
0.15,25,4,7.32820227317349,2,0.0433654463025203,43857.8342273161
0.15,25,5,5.96284095034229,2,0.0237828151301865,43038.564482966
0.15,26,1,8.71741440354124,1,0.0671805683724418,42671.3157827479
0.15,26,2,-7.91858457603906,1,0.0477014150598669,43253.2411019488
0.15,26,3,13.0752793467918,1,0.0165254021062132,44115.6728901528
0.15,26,4,9.95657900961304,1,0.0173051622377992,43990.0300943798
0.15,26,5,0.744127030566714,1,0.02120932243852,43500.7762718328
0.15,27,1,5.43184665412485,4,0.0739580254456217,43620.8906493955
0.15,27,2,-5.44364755669558,4,0.0306033927803577,44095.023530573
0.15,27,3,3.05648350155664,4,0.00899360176018237,43675.309935273
0.15,27,4,0.833205168249055,4,0.013497021190021,43511.394086519
0.15,27,5,5.90396835181782,4,0.0283512891787124,44198.6732511181
0.15,28,1,13.2006542714385,1,0.0791139294209762,43340.3392298815
0.15,28,2,7.23384326516115,1,0.00516657765382123,43683.6115247832
0.15,28,3,-2.69713838672267,1,0.0359532341083948,43634.1278049223
0.15,28,4,-9.05317141034511,1,0.0289908014596229,43977.1291125753
0.15,28,5,6.17747047283553,1,0.0216907769953632,43926.4154009412
0.15,29,1,7.40269739673552,1,0.0587289700790867,42891.7375743513
0.15,29,2,-1.23188361943694,1,0.0200557380367475,43440.9420212776
0.15,29,3,13.4599195678138,1,-0.00597630876714967,43221.0137997451
0.15,29,4,-4.16248587066646,1,0.0235294361017678,44031.6417121921
0.15,29,5,7.88007754476705,1,-0.00374910323689252,42935.9797508599
0.15,30,1,3.48534008457315,5,0.0733793379559209,42735.5721583244
0.15,30,2,7.17627685216502,5,0.0260593914171022,43162.442457817
0.15,30,3,-5.49488771573021,5,0.051024255205658,43432.2557267618
0.15,30,4,5.30084058310353,5,0.0329703383821721,43875.7100469814
0.15,30,5,7.58745391498713,5,0.00800200011357055,43728.0260701272
0.15,31,1,19.7784266889161,2,0.0379579223728257,43513.4348904721
0.15,31,2,3.17633645128779,2,0.0237101687826081,43180.0886229392
0.15,31,3,8.69679753156925,2,0.0158788273054389,43665.2771644364
0.15,31,4,12.1988007543317,2,-0.000355177354757279,43733.5688853948
0.15,31,5,-1.73246419045305,2,0.0301746653698909,43787.8158234573
0.15,32,1,7.22454453155944,4,0.0184908227287042,43284.1953625267
0.15,32,2,12.9925254348789,4,0.0094128914387,43256.527388941
0.15,32,3,0.770252796553183,4,0.0265579700110261,43588.3892315378
0.15,32,4,8.79189120521617,4,0.00551829585328035,43162.0482032456
0.15,32,5,7.00727003708573,4,0.01100199829556,43744.2907165461
0.15,33,1,4.88414395531901,3,0.00950950610102809,43319.6177450441
0.15,33,2,4.337081692165,3,0.0748793426186703,43356.0855700347
0.15,33,3,-6.38442179790816,3,0.0392881596397932,42697.4693510355
0.15,33,4,-3.71451814137928,3,0.0539132002929328,43294.0434190259
0.15,33,5,-6.79420089625184,3,0.0528005169560662,43636.6839781905
0.15,34,1,11.0751469047537,1,0.0381046626660573,43219.5330905549
0.15,34,2,5.08778241982394,1,0.0593288988530085,43268.4950582291
0.15,34,3,-1.33514571842633,1,0.0449562118431508,43383.3919336098
0.15,34,4,6.03450189519397,1,0.0225427268314887,43783.9750491882
0.15,34,5,-7.12521412842534,1,0.0479561360453741,44034.6287056876
0.15,35,1,14.1377602597563,1,0.00543022422201251,42664.5767445276
0.15,35,2,0.0434188913978069,1,0.0753524046470481,43406.1646479643
0.15,35,3,-8.19468257421836,1,0.0606453633061842,43174.1010869621
0.15,35,4,6.18406549210853,1,0.0442111725120284,43528.2375009612
0.15,35,5,-4.17579873214917,1,0.0465431859470818,43592.6862489482
0.15,36,1,-1.52791442803456,5,0.0829874357816625,43350.9956229977
0.15,36,2,-5.05394793558524,5,0.0433266124556024,43733.7766110756
0.15,36,3,5.35815146332775,5,0.0391895149655047,43571.4064791382
0.15,36,4,1.72707925006527,5,0.0262094454950267,44062.9926524394
0.15,36,5,8.54686625662729,5,0.00838638463920566,44194.3819616152
0.15,37,1,12.2557886013832,2,0.0385256333764511,43822.2052973591
0.15,37,2,9.29876100744731,2,0.0254087548331374,43455.0470720484
0.15,37,3,1.23707635331732,2,0.0325569450829868,43665.2731925134
0.15,37,4,9.01872045296779,2,-0.0180468709083101,43257.5473556018
0.15,37,5,1.51453020499256,2,0.0223129886730398,43815.6167319575
0.15,38,1,-4.26355744734693,3,0.101018165835051,43539.4776813713
0.15,38,2,9.18912887876779,3,0.0413152657842782,43663.8380332392
0.15,38,3,-9.23806512440185,3,0.0319550863296565,43156.3643233729
0.15,38,4,5.50081269134406,3,0.0403285067455494,43438.8295838439
0.15,38,5,8.52113134044348,3,-0.0119629845775169,44143.0177360921
0.15,39,1,0.402115713881386,2,0.0717180908107379,43347.4788611505
0.15,39,2,3.238696946839,2,0.0479696444401083,43305.9199093754
0.15,39,3,3.47288962098812,2,0.0394656906604132,43744.2086816412
0.15,39,4,0.874761787825113,2,0.00398267816598881,44267.689955454
0.15,39,5,-4.63757899098597,2,0.0344492526200042,42971.4020521887
0.15,40,1,16.4391161188661,1,0.0361890962635729,43026.8921394308
0.15,40,2,13.820986575159,1,0.00979278295924937,43457.6881876373
0.15,40,3,5.53182677423178,1,0.0149018434241896,43715.8061807643
0.15,40,4,15.6023228177562,1,0.0174779480817871,43967.7809466653
0.15,40,5,4.89109407160907,1,0.0171613837451967,43229.0259373568
0.15,41,1,9.11604248809586,3,0.0353528391386403,43459.5128825604
0.15,41,2,-1.59652676266837,3,0.0671998466841848,43466.3454016753
0.15,41,3,4.12637278410424,3,0.0543853784094,42737.9842465747
0.15,41,4,-7.55462621828329,3,0.0737784413710604,43241.8222542969
0.15,41,5,-3.11563279183802,3,0.0529819972786356,43496.942480759
0.15,42,1,6.29265979006406,3,0.0827431810631343,43407.1800021434
0.15,42,2,-8.64513224605553,3,0.0530240974160252,43564.5650821243
0.15,42,3,9.57781469622989,3,0.0167447655475885,44130.3097979124
0.15,42,4,9.38868944215256,3,0.0451646142563144,43348.8609106635
0.15,42,5,5.29969914693703,3,0.0525615332653348,43344.0125334624
0.15,43,1,7.49924698958929,1,0.0375165447231161,42766.0561603488
0.15,43,2,8.77332890606974,1,0.0528308477648024,44037.9955957323
0.15,43,3,3.66872937489244,1,0.0372366520297595,43175.993578925
0.15,43,4,-3.428353747056,1,0.027937829489769,43969.4946761547
0.15,43,5,6.6958088234304,1,0.0509389984983581,43943.8372417046
0.15,44,1,10.3983324966734,2,0.083608237794841,43866.700019339
0.15,44,2,5.16766518649245,2,0.0384035199581701,42934.0029886423
0.15,44,3,-4.47120017415553,2,0.0709673298593902,43291.9524660016
0.15,44,4,-2.40542881984595,2,0.0406015326362332,43625.7555362479
0.15,44,5,7.03009685738066,2,0.0460342133070247,43347.7997700974
0.15,45,1,-5.68863012288895,3,0.0831611285164119,44110.82106032
0.15,45,2,3.36624004585245,3,0.0359638562723146,43639.862159353
0.15,45,3,-4.45933322186734,3,0.0528163263245746,43354.2058406248
0.15,45,4,9.33248644013057,3,0.0226719993882971,43661.0756542392
0.15,45,5,8.49788692887889,3,0.0130895662835634,43975.7417033332
0.15,46,1,10.4850259007775,4,0.0457652915871594,43129.9945332567
0.15,46,2,-8.50336497221314,4,0.0288770192814312,43235.6513736026
0.15,46,3,-0.622054542806181,4,-0.0136745325850452,43509.2951438446
0.15,46,4,0.307563675307207,4,0.0595771468393776,43508.9554538867
0.15,46,5,0.425561218895626,4,0.0331845958498969,43817.2866936775
0.15,47,1,8.74688884939093,3,0.0563382141017039,43241.1370684934
0.15,47,2,0.177188197608493,3,0.0621238840403484,43375.7289100412
0.15,47,3,-10.560146037921,3,0.0497476668752746,43009.4023860185
0.15,47,4,6.93373187408108,3,0.0412497953774187,43282.7419713952
0.15,47,5,5.24260412592744,3,0.024394494064028,44197.2340126159
0.15,48,1,-4.8113365513379,3,0.12133211915339,43705.769605645
0.15,48,2,5.6778022072996,3,-0.00651293556231358,43324.6435380926
0.15,48,3,7.79801317295551,3,0.0504637354125739,43763.8513679161
0.15,48,4,-1.94228403544425,3,0.0151388784965263,43166.0211678529
0.15,48,5,0.350138353297052,3,0.0221257308374776,43391.839037604
0.15,49,1,2.86942390640681,3,0.0162084228449447,43938.2584150565
0.15,49,2,-4.03345842890148,3,0.0889570731896155,43584.8078943895
0.15,49,3,-3.16422578584076,3,0.0140228408312541,43243.2593514766
0.15,49,4,4.45846030539389,3,0.0206177152361622,43585.4151313095
0.15,49,5,9.64400568650732,3,0.00483924563130349,43514.6589427012
0.15,50,1,7.53318731087694,4,0.109426779230833,43759.8432303508
0.15,50,2,7.44364229441998,4,0.0335918906404708,43822.7949348686
0.15,50,3,-0.761829778519222,4,0.0492714155003111,43827.8760783076
0.15,50,4,1.57768455509577,4,0.00954134007082098,43350.6853495486
0.15,50,5,-1.45906732460474,4,0.035117100936841,44168.4505553671
