"N","rep","K_est","loglik","bic","n_params","cf_effect_pp","cf_effect_pct","purchase_base","purchase_cf","gamma_weighted","converged","k_selected_bic","k_selected_stable","k_selected_osce","k_selected_consensus"
10000,1,1,-667376098966.292,1334752197969.42,4,0,NA,0,0,-34739911.5142482,FALSE,2,3,5,2
10000,1,2,-6854.6426457897,13792.1783549272,9,0,0,0.4381,0.4381,-12323821.7641327,TRUE,2,3,5,2
10000,1,3,-6854.64251441129,13838.2297940302,14,2.14684321764302e-05,4.90035156847608e-05,0.438100050511132,0.43809983582681,-22499730.7900244,TRUE,2,3,5,2
10000,1,4,-6854.6426457897,13884.2817586469,19,0,0,0.4381,0.4381,-28004419.9641187,TRUE,2,3,5,2
10000,1,5,-6854.6426457897,13930.3334605068,24,0,0,0.4381,0.4381,5672288.87525566,TRUE,2,3,5,2
10000,2,1,-139193507776.733,278387015590.308,4,1.47,2.64912596864301,0.5696,0.5549,1317765.16537894,FALSE,2,3,5,2
10000,2,2,-6878.5391439195,13839.9713511868,9,0,0,0.4486,0.4486,-6066926.02120925,TRUE,2,3,5,2
10000,2,3,-6878.5391439195,13886.0230530467,14,0,0,0.4486,0.4486,-13811546.5024071,TRUE,2,3,5,2
10000,2,4,-6878.5391439195,13932.0747549066,19,0,0,0.4486,0.4486,-603632.920807419,TRUE,2,3,5,2
10000,2,5,-6823.18712002956,13867.4224089865,24,1.67341838887997,3.8748572506815,0.4486,0.4318658161112,-5140877.91710746,TRUE,2,3,5,2
10000,3,1,-522906328363.366,1045812656763.57,4,4.74,5.4276880796977,0.9207,0.8733,11918481.4610641,FALSE,2,3,5,2
10000,3,2,-6872.38554070505,13827.6641447579,9,0,0,0.4457,0.4457,-5143608.42943086,TRUE,2,3,5,2
10000,3,3,-6872.38554070505,13873.7158466178,14,0,0,0.4457,0.4457,9586770.06021636,TRUE,2,3,5,2
10000,3,4,-6872.38554070505,13919.7675484777,19,0,0,0.4457,0.4457,2271993.05727459,TRUE,2,3,5,2
10000,3,5,-6872.38554070505,13965.8192503375,24,0,0,0.4457,0.4457,-20818434.7353625,TRUE,2,3,5,2
10000,4,1,-50127005429.4721,100254010895.786,4,0,NA,0,0,-33706459.2494791,FALSE,2,3,5,2
10000,4,2,-6865.43109791205,13813.7552591719,9,0,0,0.4426,0.4426,-4217106.34785916,TRUE,2,3,5,2
10000,4,3,-6865.43109791205,13859.8069610318,14,0,0,0.4426,0.4426,-967447.07704276,TRUE,2,3,5,2
10000,4,4,-6865.43109791205,13905.8586628916,19,0,0,0.4426,0.4426,3704764.32236191,TRUE,2,3,5,2
10000,4,5,-6865.43109791205,13951.9103647515,24,0,0,0.4426,0.4426,-5315497.88124936,TRUE,2,3,5,2
10000,5,1,-49486110612.117,98972221261.0753,4,0,NA,0,0,-24405476.3137447,FALSE,2,3,5,2
10000,5,2,-6849.58383905082,13782.0607414494,9,0,0,0.4361,0.4361,-3804031.10086572,TRUE,2,3,5,2
10000,5,3,-6849.58383905082,13828.1124433093,14,0,0,0.4361,0.4361,2517692.1820831,TRUE,2,3,5,2
10000,5,4,-6849.58383905082,13874.1641451692,19,0,0,0.4361,0.4361,-542863.520983472,TRUE,2,3,5,2
10000,5,5,-6849.58383905082,13920.2158470291,24,0,0,0.4361,0.4361,-1340983.33018837,TRUE,2,3,5,2
10000,6,1,-328516754074.441,657033508185.723,4,0,NA,0,0,-31372774.9962882,FALSE,5,3,5,5
10000,6,2,-6881.58860581386,13846.0702749755,9,0,0,0.4501,0.4501,-4041322.01219147,TRUE,5,3,5,5
10000,6,3,-6881.58860581386,13892.1219768354,14,0,0,0.4501,0.4501,5332028.28140603,TRUE,5,3,5,5
10000,6,4,-6881.58860581386,13938.1736786953,19,0,0,0.4501,0.4501,-2847373.25636667,TRUE,5,3,5,5
10000,6,5,-6807.48295919051,13836.0140873085,24,1.12153343362715,2.55541722318106,0.4501,0.438884665663728,-266421.798873017,TRUE,5,3,5,5
10000,7,1,-656933979506.526,1313867959049.89,4,0,NA,0,0,-33800101.8301674,FALSE,2,3,5,2
10000,7,2,-6857.5999238108,13798.0929109694,9,0,0,0.4393,0.4393,2411377.60810138,TRUE,2,3,5,2
10000,7,3,-6857.5999238108,13844.1446128293,14,0,0,0.4393,0.4393,-15081869.2980992,TRUE,2,3,5,2
10000,7,4,-6857.5999238108,13890.1963146891,19,0,0,0.4393,0.4393,462853.793552101,TRUE,2,3,5,2
10000,7,5,-6857.5999238108,13936.248016549,24,0,0,0.4393,0.4393,-1142656.98302357,TRUE,2,3,5,2
10000,8,1,-55542106489.7301,111084213016.301,4,0,NA,0,0,-15198787.4483858,FALSE,2,3,5,2
10000,8,2,-6840.61047769514,13764.1140187381,9,0,0,0.4327,0.4327,20695105.0171692,TRUE,2,3,5,2
10000,8,3,-6840.6105111957,13810.1657875991,14,2.63813197398655e-06,6.09690813716542e-06,0.432699997355964,0.432699970974644,-51963.6355659682,TRUE,2,3,5,2
10000,8,4,-6840.61047769514,13856.2174224578,19,0,0,0.4327,0.4327,-15596430.7579562,TRUE,2,3,5,2
10000,8,5,-6840.61047769514,13902.2691243177,24,0,0,0.4327,0.4327,-28117536.9548963,TRUE,2,3,5,2
10000,9,1,-54794903348.9483,109589806734.738,4,0.660000000000005,0.674019607843142,0.9858,0.9792,3052158.80348762,FALSE,3,5,5,5
10000,9,2,-6869.96238817559,13822.817839699,9,0,0,0.4446,0.4446,-8032458.4904281,TRUE,3,5,5,5
10000,9,3,-6822.88719293746,13774.7191510826,14,-2.50475962646152,-5.33327466462801,0.4446,0.469647596264615,-729640.858877674,TRUE,3,5,5,5
10000,9,4,-6862.73276007233,13900.4619872122,19,-0.140674425584247,-0.315408740778037,0.4446,0.446006744255842,12094685.16737,TRUE,3,5,5,5
10000,9,5,-6869.96238817559,13960.9729452786,24,1.11022302462516e-14,2.49712781067287e-14,0.4446,0.4446,-25141907.0586066,TRUE,3,5,5,5
10000,10,1,-188768992674.097,377537985385.036,4,0,NA,0,0,-40887831.1053345,FALSE,2,3,5,2
10000,10,2,-6869.96238817559,13822.817839699,9,0,0,0.4446,0.4446,17243532.1546305,TRUE,2,3,5,2
10000,10,3,-6869.96238817559,13868.8695415588,14,0,0,0.4446,0.4446,52489.2762725966,TRUE,2,3,5,2
10000,10,4,-6869.96585213662,13914.9281713408,19,-5.90708190695288e-06,-1.32862833501566e-05,0.44459996572718,0.444600024797999,6467417.24100546,TRUE,2,3,5,2
10000,10,5,-6869.96238817559,13960.9729452786,24,0,0,0.4446,0.4446,-3642937.53426181,TRUE,2,3,5,2
10000,11,1,-89282117855.9218,178564235748.685,4,6.83,19.1907839280697,0.4242,0.3559,8205765.35745621,FALSE,2,3,5,2
10000,11,2,-6833.99285331752,13750.8787699828,9,0,0,0.4303,0.4303,-9634033.89453111,TRUE,2,3,5,2
10000,11,3,-6833.99285331752,13796.9304718427,14,0,0,0.4303,0.4303,-23234068.1591721,TRUE,2,3,5,2
10000,11,4,-6833.99285331752,13842.9821737026,19,0,0,0.4303,0.4303,-2984023.37980379,TRUE,2,3,5,2
10000,11,5,-6833.99285331752,13889.0338755625,24,0,0,0.4303,0.4303,-14140109.3850181,TRUE,2,3,5,2
10000,12,1,-403579021802.259,807158043641.359,4,0,0,1,1,30026609.6422769,FALSE,2,3,5,2
10000,12,2,-6866.12112402002,13815.1353113878,9,0,0,0.4429,0.4429,-4385888.65333445,TRUE,2,3,5,2
10000,12,3,-6866.12112402002,13861.1870132477,14,0,0,0.4429,0.4429,10762635.8512979,TRUE,2,3,5,2
10000,12,4,-6866.12112402002,13907.2387151076,19,0,0,0.4429,0.4429,1920044.44695957,TRUE,2,3,5,2
10000,12,5,-6866.12112402002,13953.2904169675,24,0,0,0.4429,0.4429,-5351967.11674294,TRUE,2,3,5,2
10000,13,1,-60159390585.4069,120318781207.655,4,0,NA,0,0,-43820435.0997095,FALSE,2,3,5,2
10000,13,2,-6868.3948703135,13819.6828039748,9,0,0,0.4439,0.4439,-6065375.52413183,TRUE,2,3,5,2
10000,13,3,-6868.3948703135,13865.7345058347,14,0,0,0.4439,0.4439,1710672.64743449,TRUE,2,3,5,2
10000,13,4,-6868.3948703135,13911.7862076945,19,0,0,0.4439,0.4439,603153.234741347,TRUE,2,3,5,2
10000,13,5,-6868.3948703135,13957.8379095544,24,0,0,0.4439,0.4439,11256332.5654064,TRUE,2,3,5,2
10000,14,1,-473291749196.13,946583498429.101,4,6.97,9.81413686285553,0.7799,0.7102,15086647.0520583,FALSE,3,5,5,5
10000,14,2,-6886.08790733405,13855.0688780159,9,0,0,0.4524,0.4524,13255199.7572078,TRUE,3,5,5,5
10000,14,3,-6840.971699112,13810.8881634317,14,2.94582528949172,6.96508516753209,0.4524,0.422941747105083,8220157.76548333,TRUE,3,5,5,5
10000,14,4,-6886.08790733405,13947.1722817356,19,0,0,0.4524,0.4524,11690447.1890975,TRUE,3,5,5,5
10000,14,5,-6886.08790733405,13993.2239835955,24,0,0,0.4524,0.4524,1051463.55389532,TRUE,3,5,5,5
10000,15,1,-529294322014.827,1058588644066.5,4,-5.86,-23.889115368936,0.1867,0.2453,-6283655.80472513,FALSE,3,4,5,3
10000,15,2,-6931.08460060184,13945.0622645515,9,-5.81,-11.7231638418079,0.4375,0.4956,-10959638.3113902,TRUE,3,4,5,3
10000,15,3,-6853.14207276458,13835.2289107368,14,0,0,0.4375,0.4375,8489236.75918034,TRUE,3,4,5,3
10000,15,4,-6853.14207276458,13881.2806125967,19,0,0,0.4375,0.4375,-2308428.81775932,TRUE,3,4,5,3
10000,15,5,-6853.14207276458,13927.3323144566,24,0,0,0.4375,0.4375,-2010140.89657487,TRUE,3,4,5,3
10000,16,1,-34240917468.0336,68481834972.9086,4,0,NA,0,0,-43136826.9720803,FALSE,2,3,5,2
10000,16,2,-6860.25940420821,13803.4118717642,9,0,0,0.4404,0.4404,-23252130.2217304,TRUE,2,3,5,2
10000,16,3,-6860.2594032875,13849.4635717827,14,-8.05082833732484e-08,-1.82807182663481e-07,0.440399999896483,0.440400000701566,17213408.6246944,TRUE,2,3,5,2
10000,16,4,-6860.25940420821,13895.515275484,19,0,0,0.4404,0.4404,-6751420.34252052,TRUE,2,3,5,2
10000,16,5,-6860.25940420821,13941.5669773438,24,0,0,0.4404,0.4404,1081976.12177544,TRUE,2,3,5,2
10000,17,1,-53796274519.3121,107592549075.465,4,0,NA,0,0,-37233704.574625,FALSE,2,5,5,5
10000,17,2,-6837.33101642403,13757.5550961959,9,0,0,0.4315,0.4315,-15669389.9295229,TRUE,2,5,5,5
10000,17,3,-6824.45329761705,13777.8513604418,14,2.3825834233247,5.84433261510093,0.4315,0.407674165766753,-39218761.5002762,TRUE,2,5,5,5
10000,17,4,-6833.28428486632,13841.5650368002,19,1.62281532774959,3.90783854132543,0.4315,0.415271846722504,521763.320340768,TRUE,2,5,5,5
10000,17,5,-6837.33101642403,13895.7102017755,24,0,0,0.4315,0.4315,4013528.52077474,TRUE,2,5,5,5
10000,18,1,-52419737205.9598,104839474448.761,4,0,NA,0,0,-37058917.6863331,FALSE,2,5,5,5
10000,18,2,-6848.03448660333,13778.9620365544,9,0,0,0.4355,0.4355,-7012273.90236666,TRUE,2,5,5,5
10000,18,3,-6842.52452040093,13813.9938060095,14,1.58782443517599,3.78394211883293,0.4355,0.41962175564824,-34725171.3831927,TRUE,2,5,5,5
10000,18,4,-6848.03448660333,13871.0654402742,19,0,0,0.4355,0.4355,-5365056.9621897,TRUE,2,5,5,5
10000,18,5,-6791.60825996079,13804.264688849,24,2.19254036466189,5.30143868601752,0.4355,0.413574596353381,-3837072.18374542,TRUE,2,5,5,5
10000,19,1,-317824307864.71,635648615766.261,4,0,NA,0,0,-48333923.0304797,FALSE,2,3,5,2
10000,19,2,-6863.33912907223,13809.5713214922,9,0,0,0.4417,0.4417,-15749641.2689127,TRUE,2,3,5,2
10000,19,3,-6863.33912907223,13855.6230233521,14,0,0,0.4417,0.4417,-1655009.28404261,TRUE,2,3,5,2
10000,19,4,-6863.33912907223,13901.674725212,19,0,0,0.4417,0.4417,3047405.25636411,TRUE,2,3,5,2
10000,19,5,-6863.33912907223,13947.7264270719,24,0,0,0.4417,0.4417,3509087.70620636,TRUE,2,3,5,2
10000,20,1,-447441230918.233,894882461873.307,4,0,NA,0,0,-43071582.0169985,FALSE,3,4,5,3
10000,20,2,-6930.43824878797,13943.7695609237,9,-5.46,-11.0795454545455,0.4382,0.4928,7699934.94983628,TRUE,3,4,5,3
10000,20,3,-6854.8913193834,13838.7274039745,14,0,0,0.4382,0.4382,-789899.379528784,TRUE,3,4,5,3
10000,20,4,-6854.8913193834,13884.7791058343,19,0,0,0.4382,0.4382,153172.097555808,TRUE,3,4,5,3
10000,20,5,-6854.8913193834,13930.8308076942,24,0,0,0.4382,0.4382,-1574297.50390877,TRUE,3,4,5,3
10000,21,1,-641080479613.335,1282160959263.51,4,2.93,3.24797694268928,0.9314,0.9021,3501642.87194973,FALSE,3,5,5,5
10000,21,2,-6852.38630081531,13787.6656649784,9,0,0,0.4372,0.4372,-6371198.88347116,TRUE,3,5,5,5
10000,21,3,-6817.43091455538,13763.8065943184,14,2.26347806826724,5.4598841455498,0.437200000003698,0.414565219321025,-2726966.93947188,TRUE,3,5,5,5
10000,21,4,-6852.38647465842,13879.7694163844,19,6.07949084963089e-06,1.39055165745853e-05,0.437199989112724,0.437199928317815,-13655471.0692047,TRUE,3,5,5,5
10000,21,5,-6852.38630081531,13925.8207705581,24,0,0,0.4372,0.4372,7199474.30898526,TRUE,3,5,5,5
10000,22,1,-386551205322.579,773102410682,4,0,0,1,1,29032985.8546266,FALSE,2,3,5,2
10000,22,2,-6848.55256426828,13779.9981918843,9,0,0,0.4357,0.4357,-20442984.6935707,TRUE,2,3,5,2
10000,22,3,-6848.55256426827,13826.0498937442,14,0,0,0.4357,0.4357,-603945.401662925,TRUE,2,3,5,2
10000,22,4,-6848.55256426828,13872.1015956041,19,1.11022302462516e-14,2.54813638885737e-14,0.4357,0.4357,-18162376.3234188,TRUE,2,3,5,2
10000,22,5,-6803.55212598334,13828.1524208941,24,-0.759122903984738,-1.71246993907137,0.4357,0.443291229039847,4988559.16560461,TRUE,2,3,5,2
10000,23,1,-675163970412.895,1350327940862.63,4,0,NA,0,0,-28245721.4902593,FALSE,2,3,5,2
10000,23,2,-6830.31022048436,13743.5135043165,9,0,0,0.429,0.429,-10019973.4966714,TRUE,2,3,5,2
10000,23,3,-6830.31022048436,13789.5652061764,14,0,0,0.429,0.429,-3192687.89803498,TRUE,2,3,5,2
10000,23,4,-6830.3123749799,13835.6212170273,19,0.000904205939616931,0.00210774843007163,0.429000437197668,0.428991395138272,1116119.20426503,TRUE,2,3,5,2
10000,23,5,-6811.15479405835,13843.3577570441,24,0.492084059785375,1.16035897750576,0.429,0.424079159402146,7601282.39020811,TRUE,2,3,5,2
10000,24,1,-177551246822.738,355102493682.317,4,0,NA,0,0,-41783703.2470213,FALSE,2,3,5,2
10000,24,2,-6867.71700081466,13818.3270649771,9,0,0,0.4436,0.4436,-7080336.98979895,TRUE,2,3,5,2
10000,24,3,-6867.71700081466,13864.378766837,14,0,0,0.4436,0.4436,-6599419.23455585,TRUE,2,3,5,2
10000,24,4,-6867.71700081466,13910.4304686969,19,0,0,0.4436,0.4436,7832248.59454718,TRUE,2,3,5,2
10000,24,5,-6867.71700081466,13956.4821705567,24,0,0,0.4436,0.4436,-3901497.28997381,TRUE,2,3,5,2
10000,25,1,-249156959978.208,498313919993.258,4,0,NA,0,0,-20027554.9208561,FALSE,2,3,5,2
10000,25,2,-6857.11110491306,13797.1152731739,9,0,0,0.4391,0.4391,-12499875.0928891,TRUE,2,3,5,2
10000,25,3,-6857.11110491306,13843.1669750338,14,0,0,0.4391,0.4391,-1412075.42698324,TRUE,2,3,5,2
10000,25,4,-6857.11110491306,13889.2186768937,19,0,0,0.4391,0.4391,3597530.71851998,TRUE,2,3,5,2
10000,25,5,-6857.11110491306,13935.2703787536,24,0,0,0.4391,0.4391,573786.95347353,TRUE,2,3,5,2
10000,26,1,-57255235623.398,114510471283.637,4,2.32,14.3653250773994,0.1847,0.1615,2253419.5665462,FALSE,2,3,5,2
10000,26,2,-6849.32663037053,13781.5463240888,9,0,0,0.436,0.436,-7096394.94845895,TRUE,2,3,5,2
10000,26,3,-6849.32663037053,13827.5980259487,14,0,0,0.436,0.436,2484841.59869151,TRUE,2,3,5,2
10000,26,4,-7178.67672887666,14532.3499248209,19,1.81993627719493,4.35599210491759,0.436,0.417800637228051,-5716538.7045461,TRUE,2,3,5,2
10000,26,5,-6849.32663037053,13919.7014296685,24,0,0,0.436,0.436,-1274965.92975634,TRUE,2,3,5,2
10000,27,1,-80249306973.4726,160498613983.787,4,0,0,1,1,23981311.8698744,FALSE,2,3,5,2
10000,27,2,-6849.32663037053,13781.5463240888,9,0,0,0.436,0.436,-10890836.808434,TRUE,2,3,5,2
10000,27,3,-6849.32663037053,13827.5980259487,14,0,0,0.436,0.436,754473.384455737,TRUE,2,3,5,2
10000,27,4,-6849.32663037053,13873.6497278086,19,0,0,0.436,0.436,-24385695.3505127,TRUE,2,3,5,2
10000,27,5,-6849.32663037053,13919.7014296685,24,0,0,0.436,0.436,-342846.954668248,TRUE,2,3,5,2
10000,28,1,-572902455007.892,1145804910052.63,4,0,0,1,1,16966446.5180155,FALSE,2,3,5,2
10000,28,2,-6856.12859467508,13795.1502526979,9,0,0,0.4387,0.4387,1065157.75603298,TRUE,2,3,5,2
10000,28,3,-6856.12859467508,13841.2019545578,14,0,0,0.4387,0.4387,-9013257.23007962,TRUE,2,3,5,2
10000,28,4,-6856.12859467508,13887.2536564177,19,0,0,0.4387,0.4387,11539143.0903837,TRUE,2,3,5,2
10000,28,5,-6856.12859467508,13933.3053582776,24,0,0,0.4387,0.4387,-794345.482562394,TRUE,2,3,5,2
10000,29,1,-139581010024.218,279162020085.276,4,4.18,11.851431811738,0.3945,0.3527,3676040.0159917,FALSE,2,3,5,2
10000,29,2,-6853.64388895023,13790.1808412482,9,0,0,0.4377,0.4377,-4776546.94772455,TRUE,2,3,5,2
10000,29,3,-6853.64388895023,13836.2325431081,14,0,0,0.4377,0.4377,-13150003.9569185,TRUE,2,3,5,2
10000,29,4,-6853.64484542872,13882.286157925,19,1.75590182449614e-05,4.01165789886689e-05,0.437699966739399,0.437699791149217,-18455220.5763933,TRUE,2,3,5,2
10000,29,5,-6853.64388895023,13928.3359468279,24,0,0,0.4377,0.4377,6044554.71640506,TRUE,2,3,5,2
10000,30,1,-645643124437.071,1291286248910.98,4,0,NA,0,0,-44333145.3514869,FALSE,2,3,5,2
10000,30,2,-6849.32663037053,13781.5463240888,9,0,0,0.436,0.436,-17694767.9160746,TRUE,2,3,5,2
10000,30,3,-6849.32663037053,13827.5980259487,14,0,0,0.436,0.436,3623426.0752997,TRUE,2,3,5,2
10000,30,4,-6849.32663037053,13873.6497278086,19,0,0,0.436,0.436,-2834187.38895112,TRUE,2,3,5,2
10000,30,5,-6849.32663037053,13919.7014296685,24,0,0,0.436,0.436,-331574.475266839,TRUE,2,3,5,2
10000,31,1,-450862637681.029,901725275398.9,4,0,NA,0,0,-42076716.7024352,FALSE,2,3,5,2
10000,31,2,-6852.63863118206,13788.1703257119,9,0,0,0.4373,0.4373,-8470985.33817683,TRUE,2,3,5,2
10000,31,3,-6852.63863118206,13834.2220275718,14,0,0,0.4373,0.4373,-1654544.16847486,TRUE,2,3,5,2
10000,31,4,-6852.63863118206,13880.2737294317,19,0,0,0.4373,0.4373,-33913.6490405758,TRUE,2,3,5,2
10000,31,5,-6852.64027976184,13926.3287284511,24,4.29392398804129e-05,9.81918305059592e-05,0.437299944628618,0.437299515236219,-30603699.9812674,TRUE,2,3,5,2
10000,32,1,-134532522295.956,269065044628.754,4,0,NA,0,0,-38074839.5811312,FALSE,2,3,5,2
10000,32,2,-6876.87557475484,13836.6442128575,9,0,0,0.4478,0.4478,-3237963.5745188,TRUE,2,3,5,2
10000,32,3,-6876.87557475207,13882.6959147118,14,-2.52797782707148e-11,-5.64532788537646e-11,0.44779999999973,0.447799999999983,20064231.7670789,TRUE,2,3,5,2
10000,32,4,-6876.87557475484,13928.7476165772,19,0,0,0.4478,0.4478,-5103283.1109258,TRUE,2,3,5,2
10000,32,5,-6876.87557475484,13974.7993184371,24,0,0,0.4478,0.4478,-7787249.6208008,TRUE,2,3,5,2
10000,33,1,-68383371161.6751,136766742360.191,4,0,NA,0,0,-42089703.8849968,FALSE,2,3,4,2
10000,33,2,-6858.57268996552,13800.0384432788,9,0,0,0.4397,0.4397,4123665.9714039,TRUE,2,3,4,2
10000,33,3,-6858.57268996552,13846.0901451387,14,0,0,0.4397,0.4397,14487082.6178736,TRUE,2,3,4,2
10000,33,4,-6858.57268996552,13892.1418469986,19,0,0,0.4397,0.4397,-10322462.5754223,TRUE,2,3,4,2
10000,33,5,-6859.03212813375,13939.1124251949,24,-0.258293341456045,-0.584000244960711,0.4397,0.44228293341456,10900149.2390756,TRUE,2,3,4,2
10000,34,1,-75486955426.2614,150973910889.364,4,-8.28,-48.4493856056173,0.0881,0.1709,-7240920.86018445,FALSE,2,3,5,2
10000,34,2,-6830.02408407389,13742.9412314956,9,0,0,0.4289,0.4289,4013683.2799893,TRUE,2,3,5,2
10000,34,3,-6830.0240840739,13788.9929333555,14,0,0,0.4289,0.4289,-3352988.48409618,TRUE,2,3,5,2
10000,34,4,-6830.0240840739,13835.0446352153,19,0,0,0.4289,0.4289,6885988.09168493,TRUE,2,3,5,2
10000,34,5,-6830.0240840739,13881.0963370752,24,0,0,0.4289,0.4289,-5498624.90397352,TRUE,2,3,5,2
10000,35,1,-56113153917.6837,112226307872.209,4,0,NA,0,0,-33653561.8398399,FALSE,2,3,5,2
10000,35,2,-6859.27472572479,13801.4425147974,9,-0.0600000000000045,-0.134861766689154,0.4443,0.4449,19594504.6189658,TRUE,2,3,5,2
10000,35,3,-6869.29302500106,13867.5308152098,14,0,0,0.4443,0.4443,-1919848.22625872,TRUE,2,3,5,2
10000,35,4,-6869.29302500106,13913.5825170697,19,0,0,0.4443,0.4443,2947297.71807667,TRUE,2,3,5,2
10000,35,5,-6868.48170718867,13958.0115833048,24,0,0,0.4443,0.4443,-7455166.71113736,TRUE,2,3,5,2
10000,36,1,-341720442507.539,683440885051.92,4,5.79,87.5945537065053,0.124,0.0661,5092878.96464266,FALSE,2,3,5,2
10000,36,2,-6855.67529394027,13794.2436512283,9,0.408004001999901,0.927450534452788,0.444,0.439919959980001,7063274.85750542,TRUE,2,3,5,2
10000,36,3,-6868.62001658905,13866.1847983858,14,0,0,0.444,0.444,2356723.61500616,TRUE,2,3,5,2
10000,36,4,-7314.07402832825,14803.1445237241,19,-1.51762276052586,-3.30509871654445,0.444,0.459176227605259,7203214.51456534,TRUE,2,3,5,2
10000,36,5,-6868.62001658905,13958.2882021055,24,0,0,0.444,0.444,-7610985.00509273,TRUE,2,3,5,2
10000,37,1,-161347292469.254,322694584975.35,4,-1.61,-3.91727493917275,0.3949,0.411,-1958335.58138856,FALSE,2,3,5,2
10000,37,2,-6852.63863118206,13788.1703257119,9,0,0,0.4373,0.4373,12140166.9322226,TRUE,2,3,5,2
10000,37,3,-6852.63863118206,13834.2220275718,14,0,0,0.4373,0.4373,7479388.67815031,TRUE,2,3,5,2
10000,37,4,-6852.63863118206,13880.2737294317,19,0,0,0.4373,0.4373,2694502.00633263,TRUE,2,3,5,2
10000,37,5,-6852.63863118206,13926.3254312916,24,0,0,0.4373,0.4373,725644.190578281,TRUE,2,3,5,2
10000,38,1,-165944174153.171,331888348343.184,4,3.34,5.59370289733713,0.6305,0.5971,3579175.56234368,FALSE,2,3,5,2
10000,38,2,-6855.38744797441,13793.6679592966,9,0,0,0.4384,0.4384,6548034.26793351,TRUE,2,3,5,2
10000,38,3,-6855.38744797441,13839.7196611565,14,0,0,0.4384,0.4384,-10353829.0686645,TRUE,2,3,5,2
10000,38,4,-6855.38744797441,13885.7713630164,19,0,0,0.4384,0.4384,8642747.43091899,TRUE,2,3,5,2
10000,38,5,-6855.38744797441,13931.8230648763,24,0,0,0.4384,0.4384,-4592556.78387393,TRUE,2,3,5,2
10000,39,1,-137347705046.446,274695410129.733,4,0.729999999999997,0.742322554403089,0.9907,0.9834,12375871.1898569,FALSE,2,3,5,2
10000,39,2,-6858.65128716366,13800.1956376751,9,0,0,0.4407,0.4407,1804955.01807562,TRUE,2,3,5,2
10000,39,3,-6860.97619486605,13850.8971549398,14,0,0,0.4407,0.4407,-24556867.5906964,TRUE,2,3,5,2
10000,39,4,-6860.97619486605,13896.9488567996,19,0,0,0.4407,0.4407,-3390678.29658283,TRUE,2,3,5,2
10000,39,5,-6860.97619486605,13943.0005586595,24,0,0,0.4407,0.4407,-8563422.18860898,TRUE,2,3,5,2
10000,40,1,-27467261042.0577,54934522120.9568,4,0,NA,0,0,-25187079.6450127,FALSE,2,3,5,2
10000,40,2,-6849.32663037053,13781.5463240888,9,0,0,0.436,0.436,28238073.6458288,TRUE,2,3,5,2
10000,40,3,-6849.32663037053,13827.5980259487,14,0,0,0.436,0.436,5909408.89144381,TRUE,2,3,5,2
10000,40,4,-6849.32663037053,13873.6497278086,19,0,0,0.436,0.436,13552456.4750677,TRUE,2,3,5,2
10000,40,5,-6849.32663037053,13919.7014296685,24,0,0,0.436,0.436,759726.566588123,TRUE,2,3,5,2
10000,41,1,-489887614535.473,979775229107.786,4,0.919999999999999,1.21116377040547,0.7688,0.7596,1634874.65464769,FALSE,5,3,5,5
10000,41,2,-6885.51315575394,13853.9193748557,9,0,0,0.4521,0.4521,-6547423.70593885,TRUE,5,3,5,5
10000,41,3,-6885.51315575394,13899.9710767155,14,0,0,0.4521,0.4521,943570.820243297,TRUE,5,3,5,5
10000,41,4,-6888.33570876656,13951.6678846007,19,-0.151487947296963,-0.333957182958744,0.4521,0.45361487947297,13441009.5973364,FALSE,5,3,5,5
10000,41,5,-6758.90195347715,13738.8520758817,24,-0.417769105767862,-0.915602742916589,0.452100000331807,0.456277691389486,-1686077.86649153,TRUE,5,3,5,5
10000,42,1,-341084347048.984,682168694134.809,4,0,NA,0,0,-32754063.0970916,FALSE,2,3,5,2
10000,42,2,-6861.45202673871,13805.7971168252,9,0,0,0.4409,0.4409,12221268.5087885,TRUE,2,3,5,2
10000,42,3,-6861.77140666103,13852.4875785297,14,-0.0758394552591968,-0.171715190279636,0.4409,0.441658394552592,2068204.4113933,TRUE,2,3,5,2
10000,42,4,-6861.45202673871,13897.900520545,19,0,0,0.4409,0.4409,2575360.85816459,TRUE,2,3,5,2
10000,42,5,-6861.45202673871,13943.9522224048,24,0,0,0.4409,0.4409,-7248407.60501682,TRUE,2,3,5,2
10000,43,1,-620326139075.708,1240652278188.26,4,0,0,1,1,37027935.2669903,FALSE,2,3,5,2
10000,43,2,-6860.25940420821,13803.4118717642,9,0,0,0.4404,0.4404,-25336334.8988864,TRUE,2,3,5,2
10000,43,3,-6860.25940420821,13849.4635736241,14,0,0,0.4404,0.4404,13453989.9906031,TRUE,2,3,5,2
10000,43,4,-6860.2594042082,13895.515275484,19,0,0,0.4404,0.4404,-681304.999773383,TRUE,2,3,5,2
10000,43,5,-6838.05795334153,13897.1640756105,24,0.389972836700314,0.893408004630516,0.4404,0.436500271632997,6302322.16018106,TRUE,2,3,5,2
10000,44,1,-297652413625.798,595304827288.438,4,0,NA,0,0,-43702353.4171051,FALSE,2,3,5,2
10000,44,2,-6851.88042082718,13786.6539050022,9,0,0,0.437,0.437,-10217815.0697196,TRUE,2,3,5,2
10000,44,3,-6851.88042082718,13832.705606862,14,0,0,0.437,0.437,-6561515.92595901,TRUE,2,3,5,2
10000,44,4,-6851.88042082718,13878.7573087219,19,0,0,0.437,0.437,3519345.055279,TRUE,2,3,5,2
10000,44,5,-6851.88042082718,13924.8090105818,24,0,0,0.437,0.437,2067588.96601013,TRUE,2,3,5,2
10000,45,1,-60802621626.7596,121605243290.361,4,0,NA,0,0,-35757496.1859216,FALSE,2,3,5,2
10000,45,2,-6869.06909391449,13821.0312511768,9,0,0,0.4442,0.4442,-18238089.949949,TRUE,2,3,5,2
10000,45,3,-6869.06909391449,13867.0829530366,14,0,0,0.4442,0.4442,-1395973.28965358,TRUE,2,3,5,2
10000,45,4,-6869.06909391449,13913.1346548965,19,0,0,0.4442,0.4442,13677409.9243505,TRUE,2,3,5,2
10000,45,5,-6869.06909391449,13959.1863567564,24,0,0,0.4442,0.4442,9292359.87231411,TRUE,2,3,5,2
10000,46,1,-489843659317.611,979687318672.062,4,0,NA,0,0,-14866672.0521387,FALSE,2,3,5,2
10000,46,2,-6861.21431364595,13805.3216906397,9,0,0,0.4408,0.4408,-6890427.26798617,TRUE,2,3,5,2
10000,46,3,-6861.21431364595,13851.3733924996,14,0,0,0.4408,0.4408,869428.348833835,TRUE,2,3,5,2
10000,46,4,-6861.21431363681,13897.4250943412,19,-1.00602859376409e-10,-2.28227902396517e-10,0.440799999999099,0.440800000000105,-0.849420811481067,TRUE,2,3,5,2
10000,46,5,-6861.21431364595,13943.4767962193,24,0,0,0.4408,0.4408,2721307.90728679,TRUE,2,3,5,2
10000,47,1,-201493271411.822,402986542860.486,4,0,0,1,1,11015818.3121976,FALSE,2,3,5,2
10000,47,2,-6859.53896166176,13801.9709866713,9,0,0,0.4401,0.4401,-1745737.05049489,TRUE,2,3,5,2
10000,47,3,-6859.53896166176,13848.0226885312,14,0,0,0.4401,0.4401,77410.330095374,TRUE,2,3,5,2
10000,47,4,-6859.53896166176,13894.0743903911,19,0,0,0.4401,0.4401,-7352631.33972642,TRUE,2,3,5,2
10000,47,5,-6859.53896166176,13940.126092251,24,0,0,0.4401,0.4401,7431682.51181387,TRUE,2,3,5,2
10000,48,1,-217680498692.503,435360997421.847,4,1.73,3.43049771961134,0.5216,0.5043,1781667.56314933,FALSE,2,3,5,2
10000,48,2,-6857.35571736363,13797.604498075,9,0,0,0.4392,0.4392,-13344817.5386737,TRUE,2,3,5,2
10000,48,3,-6857.35571736363,13843.6561999349,14,0,0,0.4392,0.4392,-454130.481564642,TRUE,2,3,5,2
10000,48,4,-6857.35571736363,13889.7079017948,19,0,0,0.4392,0.4392,9748821.26797838,TRUE,2,3,5,2
10000,48,5,-6857.35571736363,13935.7596036547,24,0,0,0.4392,0.4392,-8631988.97975416,TRUE,2,3,5,2
10000,49,1,-59291549305.6582,118583098648.158,4,0.280000000000002,0.281491907107673,0.9975,0.9947,4215544.67093954,FALSE,2,3,5,2
10000,49,2,-6842.04242902903,13766.9779214058,9,0,0,0.4343,0.4343,477168.410475686,TRUE,2,3,5,2
10000,49,3,-6844.89184600686,13818.7284572214,14,0,0,0.4343,0.4343,6840485.69594039,TRUE,2,3,5,2
10000,49,4,-6844.89184600686,13864.7801590813,19,0,0,0.4343,0.4343,12376090.6872382,TRUE,2,3,5,2
10000,49,5,-6844.89184600686,13910.8318609412,24,0,0,0.4343,0.4343,-4797744.30544738,TRUE,2,3,5,2
10000,50,1,-457957002987.039,915914006010.92,4,0,NA,0,0,-33974563.284995,FALSE,2,3,5,2
10000,50,2,-6856.62066192146,13796.1343871907,9,0,0,0.4389,0.4389,3657629.32672137,TRUE,2,3,5,2
10000,50,3,-6856.62066192146,13842.1860890506,14,0,0,0.4389,0.4389,-10706423.97906,TRUE,2,3,5,2
10000,50,4,-6856.62066192146,13888.2377909105,19,0,0,0.4389,0.4389,-1137998.52832288,TRUE,2,3,5,2
10000,50,5,-6856.62066192146,13934.2894927704,24,0,0,0.4389,0.4389,2664675.75601522,TRUE,2,3,5,2
10000,51,1,-60840609597.5837,121681219232.009,4,0,NA,0,0,-35040731.8662272,FALSE,2,3,5,2
10000,51,2,-6870.18469926612,13823.26246188,9,0,0,0.4447,0.4447,-8151703.69968474,TRUE,2,3,5,2
10000,51,3,-6870.18469926612,13869.3141637399,14,0,0,0.4447,0.4447,-2443217.32398192,TRUE,2,3,5,2
10000,51,4,-6870.18469924913,13915.3658655658,19,-1.87364568304815e-09,-4.21328015060995e-09,0.444699999998331,0.444700000017067,-3472583.33312856,TRUE,2,3,5,2
10000,51,5,-6869.38444386126,13959.81705665,24,0.00694430598141005,0.0156181483099108,0.4447,0.444630556940186,-362315.125797456,TRUE,2,3,5,2
10000,52,1,-76813957780.3933,153627915597.628,4,8.97,25.0069696124895,0.4484,0.3587,9824841.71242626,FALSE,2,3,4,2
10000,52,2,-6845.94590346813,13774.784870284,9,0,0,0.4347,0.4347,-17147992.815484,TRUE,2,3,4,2
10000,52,3,-6846.25366624294,13821.4520976936,14,-0.0731217607797319,-0.167929532433282,0.4347,0.435431217607797,1559528.51071293,TRUE,2,3,4,2
10000,52,4,-6845.94590346813,13866.8882740038,19,0,0,0.4347,0.4347,67680.716376933,TRUE,2,3,4,2
10000,52,5,-6846.2551903378,13913.558549603,24,-0.0734698333375083,-0.168727558044212,0.4347,0.435434698333375,24212196.0316647,TRUE,2,3,4,2
10000,53,1,-568619331886.493,1137238663809.83,4,-4.22,-9.56482320942882,0.399,0.4412,-3212017.93577836,FALSE,2,3,5,2
10000,53,2,-6862.99011431736,13808.8732919825,9,0,0,0.4418,0.4418,-12599926.8316901,TRUE,2,3,5,2
10000,53,3,-6863.57319185255,13856.0911489128,14,0,0,0.4418,0.4418,-1359675.30544103,TRUE,2,3,5,2
10000,53,4,-6863.57319185254,13902.1428507726,19,0,0,0.4418,0.4418,-3439406.26812389,TRUE,2,3,5,2
10000,53,5,-6863.57319185255,13948.1945526325,24,0,0,0.4418,0.4418,5718200.26313929,TRUE,2,3,5,2
10000,54,1,-700581308898.254,1401162617833.35,4,0,NA,0,0,-23678211.7924848,FALSE,2,3,5,2
10000,54,2,-6871.29018077751,13825.4734249028,9,0,0,0.4452,0.4452,-6317635.08601083,TRUE,2,3,5,2
10000,54,3,-6871.29018077751,13871.5251267627,14,0,0,0.4452,0.4452,9911726.957581,TRUE,2,3,5,2
10000,54,4,-6871.29018077751,13917.5768286226,19,0,0,0.4452,0.4452,-11048142.5619413,TRUE,2,3,5,2
10000,54,5,-6871.29018077751,13963.6285304825,24,0,0,0.4452,0.4452,-22528983.7151916,TRUE,2,3,5,2
10000,55,1,-60472028742.4564,120944057521.754,4,0,0,1,1,31157206.8639702,FALSE,2,3,5,2
10000,55,2,-6867.94336244475,13818.7797882373,9,0,0,0.4437,0.4437,-17893068.4696124,TRUE,2,3,5,2
10000,55,3,-6867.58386808074,13864.1125013691,14,-0.00965835631423495,-0.0217630253858428,0.4437,0.443796583563142,-5135668.92005084,TRUE,2,3,5,2
10000,55,4,-6867.94336244475,13910.883191957,19,0,0,0.4437,0.4437,-2280599.82990432,TRUE,2,3,5,2
10000,55,5,-6864.77263596071,13950.5934408489,24,-0.0384533335153037,-0.086650638766374,0.443389846897414,0.443774380232567,1519530.01724543,TRUE,2,3,5,2
10000,56,1,-82092044538.9666,164184089114.775,4,0,0,1,1,20618058.2016943,FALSE,3,5,5,5
10000,56,2,-6858.71815712563,13800.329377599,9,0.0099999999999989,0.0227324391907227,0.44,0.4399,-6576711.81808099,TRUE,3,5,5,5
10000,56,3,-6771.72242463197,13672.3896144716,14,2.63093477460652,6.35966696436636,0.44,0.413690652253935,-24211460.6985549,TRUE,3,5,5,5
10000,56,4,-6859.29800252373,13893.592472115,19,0,0,0.44,0.44,174717.281659501,TRUE,3,5,5,5
10000,56,5,-6859.29800252373,13939.6441739749,24,0,0,0.44,0.44,-12859545.6067956,TRUE,3,5,5,5
10000,57,1,-642256388056.172,1284512776149.18,4,0.209999999999999,0.210716435881998,0.9987,0.9966,4853731.5337129,FALSE,2,3,5,2
10000,57,2,-6869.29302500106,13821.4791133499,9,0,0,0.4443,0.4443,14026944.7387309,TRUE,2,3,5,2
10000,57,3,-6869.29302500106,13867.5308152098,14,0,0,0.4443,0.4443,-7358.01167306735,TRUE,2,3,5,2
10000,57,4,-6869.29340005631,13913.5832671802,19,5.76850844868915e-08,1.29833636155533e-07,0.444300000137736,0.444299999560885,-18971034.8925754,TRUE,2,3,5,2
10000,57,5,-6869.29302500106,13959.6342189296,24,0,0,0.4443,0.4443,2808661.41245235,TRUE,2,3,5,2
10000,58,1,-561667525637.04,1123335051310.92,4,0,NA,0,0,-21246278.0573677,FALSE,2,3,5,2
10000,58,2,-6843.56511589182,13770.0232951314,9,0,0,0.4338,0.4338,-4572247.82876576,TRUE,2,3,5,2
10000,58,3,-6843.56511589182,13816.0749969913,14,0,0,0.4338,0.4338,5500240.90046705,TRUE,2,3,5,2
10000,58,4,-6843.56511589182,13862.1266988512,19,0,0,0.4338,0.4338,-1165186.83303037,TRUE,2,3,5,2
10000,58,5,-6843.56511589182,13908.1784007111,24,0,0,0.4338,0.4338,-7439673.80354236,TRUE,2,3,5,2
10000,59,1,-173481883254.532,346963766545.905,4,1.52,3.4164980894583,0.4601,0.4449,1678060.67462073,FALSE,2,3,5,2
10000,59,2,-6858.08711877501,13799.0673008978,9,0,0,0.4395,0.4395,-11515357.8499378,TRUE,2,3,5,2
10000,59,3,-6858.08711877506,13845.1190027578,14,1.0547118733939e-13,2.39979948440025e-13,0.439499999999996,0.439499999999995,-25257893.3688454,TRUE,2,3,5,2
10000,59,4,-6858.08711877502,13891.1707046176,19,0,0,0.4395,0.4395,-3296993.29285495,TRUE,2,3,5,2
10000,59,5,-6858.08711877501,13937.2224064775,24,0,0,0.4395,0.4395,-598123.705923242,TRUE,2,3,5,2
10000,60,1,-550586611080.234,1101173222197.31,4,0.0800000000000023,0.0801362315937116,0.9991,0.9983,6481918.57212096,FALSE,2,3,5,2
10000,60,2,-6858.57268996552,13800.0384432788,9,0,0,0.4397,0.4397,-17432117.8587711,TRUE,2,3,5,2
10000,60,3,-6858.57268996552,13846.0901451387,14,0,0,0.4397,0.4397,-2015431.59248244,TRUE,2,3,5,2
10000,60,4,-6856.65526504888,13888.3069971653,19,1.26766840928615,2.96861637775729,0.4397,0.427023315907138,-8389844.1290966,TRUE,2,3,5,2
10000,60,5,-6858.57268996552,13938.1935488585,24,0,0,0.4397,0.4397,2464052.25960106,TRUE,2,3,5,2
10000,61,1,-323560117702.665,647120235442.172,4,0,0,1,1,34498101.2328178,FALSE,2,3,4,2
10000,61,2,-6860.0196624843,13802.9323883164,9,0,0,0.4403,0.4403,5214572.55406702,TRUE,2,3,4,2
10000,61,3,-6860.0196624843,13848.9840901763,14,0,0,0.4403,0.4403,10508272.9044748,TRUE,2,3,4,2
10000,61,4,-6841.48130615122,13857.95907937,19,-0.642507575821427,-1.43826171998721,0.4403,0.446725075758214,4896097.4935153,TRUE,2,3,4,2
10000,61,5,-6860.15836140859,13941.3648917446,24,-0.00280064156840676,-0.00636035302683623,0.4403,0.440328006415684,7774791.11891439,TRUE,2,3,4,2
10000,62,1,-134983635226.525,269967270489.892,4,0.839999999999996,2.32815964523281,0.3692,0.3608,860892.054752097,FALSE,2,3,5,2
10000,62,2,-6849.32663037053,13781.5463240888,9,0,0,0.436,0.436,-1344879.27198603,TRUE,2,3,5,2
10000,62,3,-6849.32663037053,13827.5980259487,14,0,0,0.436,0.436,-9135457.90460904,TRUE,2,3,5,2
10000,62,4,-6849.32663037053,13873.6497278086,19,0,0,0.436,0.436,735062.649864093,TRUE,2,3,5,2
10000,62,5,-6849.10870098384,13919.2655708951,24,0.00315008612792322,0.00722549022267982,0.436,0.435968499138721,-1234369.50024059,TRUE,2,3,5,2
10000,63,1,-492389389714.483,984778779465.808,4,0,0,1,1,7804778.29450765,FALSE,2,3,5,2
10000,63,2,-6843.56511589182,13770.0232951314,9,0,0,0.4338,0.4338,-2826516.15326145,TRUE,2,3,5,2
10000,63,3,-6843.56511589182,13816.0749969913,14,0,0,0.4338,0.4338,-4271022.124271,TRUE,2,3,5,2
10000,63,4,-6843.56511589182,13862.1266988512,19,0,0,0.4338,0.4338,-26776758.9483552,TRUE,2,3,5,2
10000,63,5,-6843.56511589182,13908.1784007111,24,0,0,0.4338,0.4338,-14498461.036156,TRUE,2,3,5,2
10000,64,1,-535194136228.232,1070388272493.3,4,-4.31,-45.2731092436975,0.0521,0.0952,-6500641.06646568,FALSE,2,3,5,2
10000,64,2,-6841.42117543424,13765.7354142163,9,0,0,0.433,0.433,-12265591.325095,TRUE,2,3,5,2
10000,64,3,-6841.42117543424,13811.7871160761,14,0,0,0.433,0.433,3916844.08280841,TRUE,2,3,5,2
10000,64,4,-6841.42117543424,13857.838817936,19,0,0,0.433,0.433,-3622716.80665627,TRUE,2,3,5,2
10000,64,5,-6841.42117543424,13903.8905197959,24,0,0,0.433,0.433,6735160.50965657,TRUE,2,3,5,2
10000,65,1,-231045795025.622,462091590088.085,4,0,NA,0,0,-25884351.1180843,FALSE,2,3,5,2
10000,65,2,-6868.84475778326,13820.5825789143,9,0,0,0.4441,0.4441,-12343768.4758825,TRUE,2,3,5,2
10000,65,3,-6868.84475778326,13866.6342807742,14,0,0,0.4441,0.4441,15483442.169613,TRUE,2,3,5,2
10000,65,4,-6868.84475778326,13912.6859826341,19,0,0,0.4441,0.4441,-3542524.44506821,TRUE,2,3,5,2
10000,65,5,-6868.84476142548,13958.7376917784,24,9.5285745960183e-08,2.14559212401718e-07,0.444099999706489,0.444099998753632,-12352674.72256,TRUE,2,3,5,2
10000,66,1,-338934546532.097,677869093101.036,4,0,0,1,1,15562798.2892324,FALSE,2,3,5,2
10000,66,2,-6847.51478186217,13777.9226270721,9,0,0,0.4353,0.4353,5601988.77438396,TRUE,2,3,5,2
10000,66,3,-6847.51478186217,13823.974328932,14,0,0,0.4353,0.4353,5637063.6990737,TRUE,2,3,5,2
10000,66,4,-6847.51478186217,13870.0260307919,19,0,0,0.4353,0.4353,-2844130.27088316,TRUE,2,3,5,2
10000,66,5,-6847.51478186217,13916.0777326518,24,0,0,0.4353,0.4353,4788208.70573822,TRUE,2,3,5,2
10000,67,1,-133742883188.149,267485766413.14,4,0.649999999999995,0.658895083628986,0.993,0.9865,18666440.0871124,FALSE,2,3,5,2
10000,67,2,-6833.71202208352,13750.3171075148,9,0,0,0.4302,0.4302,-7788992.77231155,TRUE,2,3,5,2
10000,67,3,-6833.71202208352,13796.3688093747,14,0,0,0.4302,0.4302,358457.464379942,TRUE,2,3,5,2
10000,67,4,-6833.71202208352,13842.4205112346,19,0,0,0.4302,0.4302,3542101.78892057,TRUE,2,3,5,2
10000,67,5,-6833.71207780711,13888.4723245417,24,3.03948531898968e-06,7.06528490498728e-06,0.430199995415959,0.430199965021106,-27925355.7070189,TRUE,2,3,5,2
10000,68,1,-498007321509.81,996014643056.461,4,0.919999999999999,1.14044874178753,0.8159,0.8067,1906780.37648502,FALSE,2,3,5,2
10000,68,2,-6883.37464477697,13849.6423529017,9,0,0,0.451,0.451,-6018309.60203143,TRUE,2,3,5,2
10000,68,3,-6883.37464477697,13895.6940547616,14,0,0,0.451,0.451,2498617.92214505,TRUE,2,3,5,2
10000,68,4,-6883.37464477697,13941.7457566215,19,0,0,0.451,0.451,-1003501.82935562,TRUE,2,3,5,2
10000,68,5,-6883.37464477697,13987.7974584814,24,0,0,0.451,0.451,-8740681.54783578,TRUE,2,3,5,2
10000,69,1,-673471555044.057,1346943110124.95,4,0,NA,0,0,-40369034.9512578,FALSE,2,3,5,2
10000,69,2,-6858.08711877501,13799.0673008978,9,0,0,0.4395,0.4395,-6841448.84686848,TRUE,2,3,5,2
10000,69,3,-6858.08711877501,13845.1190027577,14,0,0,0.4395,0.4395,-4832084.46527317,TRUE,2,3,5,2
10000,69,4,-6858.08711877501,13891.1707046176,19,0,0,0.4395,0.4395,-5163491.82769004,TRUE,2,3,5,2
10000,69,5,-6858.08711877501,13937.2224064775,24,0,0,0.4395,0.4395,-4983043.80059455,TRUE,2,3,5,2
10000,70,1,-444723527532.987,889447055102.815,4,0,NA,0,0,-48966480.8497326,FALSE,3,5,2,2
10000,70,2,-6864.04010095023,13810.9732652482,9,0,0,0.442,0.442,-19976852.7816533,TRUE,3,5,2,2
10000,70,3,-6836.40416492189,13801.7530950514,14,0.864201823088417,1.99419846742051,0.442,0.433357981769116,-3978943.25410192,TRUE,3,5,2,2
10000,70,4,-6853.52734431936,13882.0511557063,19,0.0099999999999989,0.0226295541977798,0.442,0.4419,1270186.05205452,TRUE,3,5,2,2
10000,70,5,-6864.04010095023,13949.1283708279,24,0,0,0.442,0.442,-6514613.32212884,TRUE,3,5,2,2
10000,71,1,-409213825152.002,818427650340.846,4,0,0,1,1,28020290.0569633,FALSE,2,3,5,2
10000,71,2,-6871.5100624179,13825.9131881836,9,0,0,0.4453,0.4453,-2239977.21198184,TRUE,2,3,5,2
10000,71,3,-6871.5100624179,13871.9648900435,14,0,0,0.4453,0.4453,-283363.425268094,TRUE,2,3,5,2
10000,71,4,-6871.5100624179,13918.0165919033,19,0,0,0.4453,0.4453,-5202432.76264034,TRUE,2,3,5,2
10000,71,5,-6871.5100624179,13964.0682937632,24,0,0,0.4453,0.4453,-7282099.35815511,TRUE,2,3,5,2
10000,72,1,-117095803827.131,234191607691.104,4,9.72000000000001,14.4085383931219,0.7718,0.6746,8819254.56973325,FALSE,3,4,5,3
10000,72,2,-6929.58988754264,13942.0728384331,9,-5.57,-11.3603915969814,0.4346,0.4903,-10258737.6494327,TRUE,3,4,5,3
10000,72,3,-6845.68299956837,13820.3107643444,14,0,0,0.4346,0.4346,-3502444.28518662,TRUE,3,4,5,3
10000,72,4,-6845.68299956837,13866.3624662043,19,0,0,0.4346,0.4346,-18818591.1954712,TRUE,3,4,5,3
10000,72,5,-6845.68300879485,13912.4141865171,24,0,0,0.4346,0.4346,-3440972.34327547,TRUE,3,4,5,3
10000,73,1,-145127886806.61,290255773650.061,4,-0.770000000000001,-3.06772908366534,0.2433,0.251,-821849.944995105,FALSE,2,3,5,2
10000,73,2,-6860.25940420821,13803.4118717642,9,0,0,0.4404,0.4404,1633475.93948257,TRUE,2,3,5,2
10000,73,3,-6860.25940420821,13849.4635736241,14,0,0,0.4404,0.4404,-2177446.32946917,TRUE,2,3,5,2
10000,73,4,-6860.25940420821,13895.515275484,19,0,0,0.4404,0.4404,-1452827.49898759,TRUE,2,3,5,2
10000,73,5,-6860.2594042627,13941.5669774528,24,1.98321914446353e-09,4.50322239913026e-09,0.440399999994643,0.440399999974811,-11499905.2013647,TRUE,2,3,5,2
10000,74,1,-510326088535.646,1020652177108.13,4,0,NA,0,0,-15385308.8195713,FALSE,2,3,5,2
10000,74,2,-6846.7321736082,13776.3574105642,9,0,0,0.435,0.435,-7187295.64690806,TRUE,2,3,5,2
10000,74,3,-6846.84292258435,13822.6306103764,14,-0.00207552724905691,-0.0047710993645736,0.435,0.435020755272491,3876935.56184819,TRUE,2,3,5,2
10000,74,4,-6846.7321736082,13868.460814284,19,0,0,0.435,0.435,-2432096.32039153,TRUE,2,3,5,2
10000,74,5,-6846.7321736082,13914.5125161438,24,0,0,0.435,0.435,-2938207.80091038,TRUE,2,3,5,2
10000,75,1,-652565431746.294,1305130863529.43,4,0,NA,0,0,-47050800.8007014,FALSE,2,3,5,2
10000,75,2,-6850.09703650768,13783.0871363631,9,0,0,0.4363,0.4363,-6588775.75974575,TRUE,2,3,5,2
10000,75,3,-6850.09703650768,13829.138838223,14,0,0,0.4363,0.4363,-3847573.21645625,TRUE,2,3,5,2
10000,75,4,-6850.09703650768,13875.1905400829,19,0,0,0.4363,0.4363,16115450.1902883,TRUE,2,3,5,2
10000,75,5,-6850.09703650768,13921.2422419428,24,0,0,0.4363,0.4363,3736299.22900941,TRUE,2,3,5,2
10000,76,1,-526888194591.699,1053776389220.24,4,-0.0099999999999989,-0.0161890885543126,0.6176,0.6177,-10084.8869363442,FALSE,2,3,5,2
10000,76,2,-6872.60339829754,13828.0998599429,9,0,0,0.4458,0.4458,9796154.57732896,TRUE,2,3,5,2
10000,76,3,-6872.60339829754,13874.1515618028,14,0,0,0.4458,0.4458,19466776.0692451,TRUE,2,3,5,2
10000,76,4,-6872.60339829754,13920.2032636626,19,0,0,0.4458,0.4458,984994.239755078,TRUE,2,3,5,2
10000,76,5,-6872.60339829755,13966.2549655225,24,0,0,0.4458,0.4458,-1369770.91535365,TRUE,2,3,5,2
10000,77,1,-533385864470.208,1066771728977.26,4,-2.5,-11.0963160230803,0.2003,0.2253,-3071035.44324081,FALSE,2,3,5,2
10000,77,2,-6850.09703650768,13783.0871363631,9,0,0,0.4363,0.4363,-3999043.33413365,TRUE,2,3,5,2
10000,77,3,-6850.09703650768,13829.138838223,14,0,0,0.4363,0.4363,9626791.56222103,TRUE,2,3,5,2
10000,77,4,-6850.09703650768,13875.1905400829,19,0,0,0.4363,0.4363,2380122.38758084,TRUE,2,3,5,2
10000,77,5,-6850.09703650768,13921.2422419428,24,0,0,0.4363,0.4363,-4460768.53585854,TRUE,2,3,5,2
10000,78,1,-627268216055.148,1254536432147.14,4,0,0,1,1,21146943.673628,FALSE,2,3,5,2
10000,78,2,-6853.14207276458,13789.1772088769,9,0,0,0.4375,0.4375,-11414378.7414364,TRUE,2,3,5,2
10000,78,3,-6853.14207276458,13835.2289107368,14,0,0,0.4375,0.4375,-6365080.52976252,TRUE,2,3,5,2
10000,78,4,-6852.40812248498,13879.8127120375,19,0.948014387341417,2.21488413159282,0.4375,0.428019856126586,-11384121.3661626,TRUE,2,3,5,2
10000,78,5,-6853.14207276458,13927.3323144566,24,0,0,0.4375,0.4375,1047010.42190165,TRUE,2,3,5,2
10000,79,1,-35538906877.2213,71077813791.284,4,1.19,3.93258426966293,0.3145,0.3026,829126.309146844,FALSE,2,3,5,2
10000,79,2,-6871.06989427383,13825.0328518955,9,0,0,0.4451,0.4451,-6911998.06492552,TRUE,2,3,5,2
10000,79,3,-6871.06989427383,13871.0845537553,14,0,0,0.4451,0.4451,-276781.204282889,TRUE,2,3,5,2
10000,79,4,-6871.06989427383,13917.1362556152,19,0,0,0.4451,0.4451,9066076.93885928,TRUE,2,3,5,2
10000,79,5,-6871.06989427383,13963.1879574751,24,0,0,0.4451,0.4451,1405576.29088066,TRUE,2,3,5,2
10000,80,1,-381286183775.046,762572367586.933,4,1.56999999999999,1.62441800310398,0.9822,0.9665,7598283.72560192,FALSE,2,3,4,2
10000,80,2,-6860.97619486605,13804.8454530799,9,0,0,0.4407,0.4407,-6610309.90175222,TRUE,2,3,4,2
10000,80,3,-6860.97619486605,13850.8971549398,14,0,0,0.4407,0.4407,352412.832994191,TRUE,2,3,4,2
10000,80,4,-6860.97619486605,13896.9488567996,19,0,0,0.4407,0.4407,-1400504.6902436,TRUE,2,3,4,2
10000,80,5,-6878.77702080565,13978.6022105387,24,-0.0357739927163314,-0.0811095452541864,0.4407,0.441057739927163,-1202913.02436873,TRUE,2,3,4,2
10000,81,1,-233392556299.604,466785112636.05,4,0.3,0.303336703741153,0.992,0.989,2248688.54501109,FALSE,2,3,5,2
10000,81,2,-6846.47049046645,13775.8340442807,9,0,0,0.4349,0.4349,4799339.21675734,TRUE,2,3,5,2
10000,81,3,-6846.47049046645,13821.8857461406,14,0,0,0.4349,0.4349,-5064475.94562628,TRUE,2,3,5,2
10000,81,4,-6846.47049046645,13867.9374480005,19,0,0,0.4349,0.4349,387394.214526927,TRUE,2,3,5,2
10000,81,5,-6846.47049046645,13913.9891498603,24,0,0,0.4349,0.4349,-9570723.59240896,TRUE,2,3,5,2
10000,82,1,-53048032374.3258,106096064785.493,4,0,NA,0,0,-47846080.2777529,FALSE,2,3,5,2
10000,82,2,-6863.10466077873,13809.1023849052,9,0,0,0.4416,0.4416,-3425193.52487228,TRUE,2,3,5,2
10000,82,3,-6863.10466077873,13855.1540867651,14,0,0,0.4416,0.4416,-23527366.9088727,TRUE,2,3,5,2
10000,82,4,-6863.10466077873,13901.205788625,19,0,0,0.4416,0.4416,1038716.63582809,TRUE,2,3,5,2
10000,82,5,-6863.10466077873,13947.2574904849,24,0,0,0.4416,0.4416,-1351482.33151172,TRUE,2,3,5,2
10000,83,1,-64730453724.635,129460907486.111,4,0,NA,0,0,-42510376.6077197,FALSE,3,5,5,5
10000,83,2,-6864.73742372568,13812.3679107991,9,0,0,0.4423,0.4423,-11382443.1512834,TRUE,3,5,5,5
10000,83,3,-6831.11692665564,13791.178618519,14,-1.75697429605382,-3.82059120642035,0.4423,0.459869742960538,467326.5665304,TRUE,3,5,5,5
10000,83,4,-6864.73742372568,13904.4713145189,19,0,0,0.4423,0.4423,1534035.9548684,TRUE,3,5,5,5
10000,83,5,-6864.74115053897,13950.5304700054,24,7.9434002586698e-05,0.000179593422696382,0.4422998573797,0.442299063039674,-7527977.60615685,TRUE,3,5,5,5
10000,84,1,-615093246702.275,1230186493441.39,4,0,NA,0,0,-44824148.3620352,FALSE,2,3,5,2
10000,84,2,-6865.20027855046,13813.2936204487,9,0,0,0.4425,0.4425,13831334.542256,TRUE,2,3,5,2
10000,84,3,-6865.20027855046,13859.3453223086,14,0,0,0.4425,0.4425,-1749652.5315465,TRUE,2,3,5,2
10000,84,4,-6865.20027855046,13905.3970241685,19,0,0,0.4425,0.4425,2730939.91329691,TRUE,2,3,5,2
10000,84,5,-6827.63373877858,13876.3156464846,24,-2.02458807192133,-4.37516173839225,0.4425,0.462745880719214,11967511.065627,TRUE,2,3,5,2
10000,85,1,-54055189578.0558,108110379192.953,4,0,NA,0,0,-36607758.0238866,FALSE,4,3,5,3
10000,85,2,-6869.73967211337,13822.3724075745,9,0,0,0.4445,0.4445,-15858289.8784107,TRUE,4,3,5,3
10000,85,3,-6869.73967211337,13868.4241094344,14,0,0,0.4445,0.4445,9427464.57258558,TRUE,4,3,5,3
10000,85,4,-6813.60042700441,13802.1973210764,19,2.09873618992726,4.95554559915659,0.4445,0.423512638100727,-2120818.23156436,TRUE,4,3,5,3
10000,85,5,-6829.30310319164,13879.6543753107,24,1.51695902329553,3.53331371080525,0.4445,0.429330409767045,1562391.19611788,TRUE,4,3,5,3
10000,86,1,-301894465382.89,603788930802.622,4,2.91,6.68658088235295,0.4643,0.4352,2943977.44141899,FALSE,2,3,5,2
10000,86,2,-6850.09703650768,13783.0871363631,9,0,0,0.4363,0.4363,21531314.6903616,TRUE,2,3,5,2
10000,86,3,-6850.09710476539,13829.1389747385,14,1.52656212670799e-06,3.49888195247611e-06,0.436299995500067,0.436299980234446,-7052911.48340936,TRUE,2,3,5,2
10000,86,4,-6850.09703650768,13875.1905400829,19,0,0,0.4363,0.4363,16046750.1296798,TRUE,2,3,5,2
10000,86,5,-6850.09703650768,13921.2422419428,24,0,0,0.4363,0.4363,-4641429.06179599,TRUE,2,3,5,2
10000,87,1,-591094507261.791,1182189014560.42,4,0.409999999999999,0.413389796329904,0.9959,0.9918,12745714.0722488,FALSE,2,3,5,2
10000,87,2,-6865.20027855046,13813.2936204487,9,0,0,0.4425,0.4425,-846661.830447802,TRUE,2,3,5,2
10000,87,3,-6865.20027855046,13859.3453223086,14,0,0,0.4425,0.4425,-348830.9924552,TRUE,2,3,5,2
10000,87,4,-6865.20027854656,13905.3970241607,19,2.43582931602759e-11,5.50469901926960e-11,0.442500000000388,0.442500000000144,-1406468.06656862,TRUE,2,3,5,2
10000,87,5,-6860.508696094,13942.0655611154,24,-0.025984573180704,-0.058687736548819,0.4425,0.442759845731807,-74918.9099037919,TRUE,2,3,5,2
10000,88,1,-116953482422.675,233906964882.192,4,5.05,5.63176090108174,0.9472,0.8967,15224834.9692257,FALSE,2,3,5,2
10000,88,2,-6852.13356403727,13787.1601914223,9,0,0,0.4371,0.4371,-11939426.4942344,TRUE,2,3,5,2
10000,88,3,-6852.13356403727,13833.2118932822,14,0,0,0.4371,0.4371,-698288.004690163,TRUE,2,3,5,2
10000,88,4,-6852.13356403727,13879.2635951421,19,0,0,0.4371,0.4371,15532062.4405749,TRUE,2,3,5,2
10000,88,5,-6852.13356403727,13925.315297002,24,0,0,0.4371,0.4371,-4682185.06048659,TRUE,2,3,5,2
10000,89,1,-272366461578.22,544732923193.281,4,0,NA,0,0,-29360762.5784499,FALSE,2,3,5,2
10000,89,2,-6859.05663754154,13801.0063384309,9,0,0,0.4399,0.4399,11901366.3763286,TRUE,2,3,5,2
10000,89,3,-6859.05663754154,13847.0580402907,14,0,0,0.4399,0.4399,-2654382.75668211,TRUE,2,3,5,2
10000,89,4,-6859.05652293156,13893.1095129307,19,8.80272459091724e-05,0.000200107724595701,0.439900169952672,0.439899289680213,-6458024.05192923,TRUE,2,3,5,2
10000,89,5,-6859.05663754154,13939.1614440105,24,0,0,0.4399,0.4399,-612086.385118792,TRUE,2,3,5,2
10000,90,1,-643372142637.423,1286744285311.69,4,0,NA,0,0,-33973958.9899956,FALSE,2,3,5,2
10000,90,2,-6855.63490301244,13794.1628693727,9,0,0,0.4385,0.4385,-21154780.8331736,TRUE,2,3,5,2
10000,90,3,-6855.63490301244,13840.2145712326,14,0,0,0.4385,0.4385,14908202.4448838,TRUE,2,3,5,2
10000,90,4,-6855.63490301244,13886.2662730924,19,0,0,0.4385,0.4385,2692558.47895853,TRUE,2,3,5,2
10000,90,5,-6855.63490301244,13932.3179749523,24,0,0,0.4385,0.4385,-501635.889113082,TRUE,2,3,5,2
10000,91,1,-400519661986.378,801039324009.596,4,0,0,1,1,30770755.7678689,FALSE,2,3,5,2
10000,91,2,-6856.62066192146,13796.1343871907,9,0,0,0.4389,0.4389,1815344.9820583,TRUE,2,3,5,2
10000,91,3,-6856.62066192146,13842.1860890506,14,0,0,0.4389,0.4389,2398270.08374241,TRUE,2,3,5,2
10000,91,4,-6856.62066192146,13888.2377909105,19,0,0,0.4389,0.4389,-6605649.27636649,TRUE,2,3,5,2
10000,91,5,-6856.62066192123,13934.2894927699,24,-7.12208070297038e-12,-1.62271148393019e-11,0.438899999999977,0.438900000000048,130138.414729683,TRUE,2,3,5,2
10000,92,1,-40566650746.3813,81133301529.6039,4,0,NA,0,0,-32858397.4520499,FALSE,2,3,5,2
10000,92,2,-6868.3948703135,13819.6828039748,9,0,0,0.4439,0.4439,5846925.77957965,TRUE,2,3,5,2
10000,92,3,-6868.39496491181,13865.7346950313,14,1.22881922970386e-06,2.76823446654553e-06,0.443899994227691,0.443899981939499,-1841345.90209267,TRUE,2,3,5,2
10000,92,4,-6868.3948703135,13911.7862076945,19,0,0,0.4439,0.4439,-3008529.72217831,TRUE,2,3,5,2
10000,92,5,-6868.3948703135,13957.8379095544,24,0,0,0.4439,0.4439,5428107.70955802,TRUE,2,3,5,2
10000,93,1,-371105270823.969,742210541684.778,4,1.39,1.44640998959418,0.9749,0.961,5158372.99131377,FALSE,2,3,5,2
10000,93,2,-6871.06989427383,13825.0328518955,9,0,0,0.4451,0.4451,12585879.4694656,TRUE,2,3,5,2
10000,93,3,-6871.06989427383,13871.0845537553,14,0,0,0.4451,0.4451,11840510.7842483,TRUE,2,3,5,2
10000,93,4,-6871.06989427383,13917.1362556152,19,0,0,0.4451,0.4451,-3182942.83044638,TRUE,2,3,5,2
10000,93,5,-6871.06989427383,13963.1879574751,24,0,0,0.4451,0.4451,-4796307.91086885,TRUE,2,3,5,2
10000,94,1,-473758971123.132,947517942283.106,4,2.09999999999999,3.40632603406325,0.6375,0.6165,3746391.28151224,FALSE,4,3,5,3
10000,94,2,-6873.03789923193,13828.9688618116,9,0,0,0.446,0.446,-6680881.61826999,TRUE,4,3,5,3
10000,94,3,-6873.03789923193,13875.0205636715,14,0,0,0.446,0.446,3215949.37316261,TRUE,4,3,5,3
10000,94,4,-6825.13610530651,13825.2686776806,19,0.782858141848142,1.78664812136556,0.446000000001897,0.438171418583416,5877686.14719361,TRUE,4,3,5,3
10000,94,5,-6873.03789923193,13967.1239673913,24,0,0,0.446,0.446,-8217540.27222161,TRUE,4,3,5,3
10000,95,1,-63831092397.1822,127662184831.206,4,4.04,11.0654615173925,0.4055,0.3651,4057366.19145153,FALSE,3,4,5,3
10000,95,2,-6931.44760557993,13945.7882745076,9,-5.9,-11.7740969866294,0.4421,0.5011,1148729.67780999,TRUE,3,4,5,3
10000,95,3,-6864.2729473058,13857.4906598193,14,0,0,0.4421,0.4421,1649898.96910452,TRUE,3,4,5,3
10000,95,4,-6864.2729473058,13903.5423616792,19,0,0,0.4421,0.4421,-2972006.84923934,TRUE,3,4,5,3
10000,95,5,-6864.2729473058,13949.594063539,24,0,0,0.4421,0.4421,-8621690.94749312,TRUE,3,4,5,3
10000,96,1,-463160889897.394,926321779831.63,4,3.43,4.60711887172599,0.7788,0.7445,6465370.05396816,FALSE,2,3,5,2
10000,96,2,-6878.95099315032,13840.7950496484,9,0,0,0.4488,0.4488,-1480619.20592932,TRUE,2,3,5,2
10000,96,3,-6878.95099315032,13886.8467515083,14,0,0,0.4488,0.4488,-10843419.1857906,TRUE,2,3,5,2
10000,96,4,-6878.95099315032,13932.8984533682,19,0,0,0.4488,0.4488,246431.815650242,TRUE,2,3,5,2
10000,96,5,-6878.95099315032,13978.9501552281,24,0,0,0.4488,0.4488,-7063215.84748015,TRUE,2,3,5,2
10000,97,1,-267901958494.04,535803917024.921,4,9.75,46.1429247515381,0.3088,0.2113,7676629.79948419,FALSE,2,5,5,5
10000,97,2,-6862.39882262705,13807.6907086019,9,0,0,0.4413,0.4413,451738.413703213,TRUE,2,5,5,5
10000,97,3,-6841.13133443621,13811.2074340801,14,2.61176429961715,6.29064375101341,0.4413,0.415182357003828,-27944902.6944522,TRUE,2,5,5,5
10000,97,4,-6862.39882262705,13899.7941123217,19,0,0,0.4413,0.4413,1682484.51611071,TRUE,2,5,5,5
10000,97,5,-6858.03078818255,13937.1097452925,24,0.0328998802759661,0.0746078091000149,0.4413,0.44097100119724,409741.167327417,TRUE,2,5,5,5
10000,98,1,-488997606670.403,977995213377.648,4,0,NA,0,0,-23866277.330229,FALSE,2,3,5,2
10000,98,2,-6867.71700081466,13818.3270649771,9,0,0,0.4436,0.4436,-14240622.3381595,TRUE,2,3,5,2
10000,98,3,-6867.71700081466,13864.378766837,14,0,0,0.4436,0.4436,-10249240.888622,TRUE,2,3,5,2
10000,98,4,-6867.71700081466,13910.4304686969,19,0,0,0.4436,0.4436,-9123399.35553504,TRUE,2,3,5,2
10000,98,5,-6867.71700081466,13956.4821705567,24,0,0,0.4436,0.4436,10504308.6994499,TRUE,2,3,5,2
10000,99,1,-527088224573.786,1054176449184.41,4,0,NA,0,0,-22468250.116623,FALSE,2,3,5,2
10000,99,2,-6859.29800252373,13801.4890683952,9,0,0,0.44,0.44,3369940.4963803,TRUE,2,3,5,2
10000,99,3,-6859.29800252373,13847.5407702551,14,0,0,0.44,0.44,11004310.6581906,TRUE,2,3,5,2
10000,99,4,-6859.29800252373,13893.592472115,19,0,0,0.44,0.44,-3547847.80322044,TRUE,2,3,5,2
10000,99,5,-6838.89713015468,13898.8424292368,24,0.626474589369369,1.44437092313419,0.44,0.433735254106306,1262700.19355854,TRUE,2,3,5,2
10000,100,1,-473464731056.565,946929462149.972,4,0,NA,0,0,-44497668.3837151,FALSE,2,3,5,2
10000,100,2,-6865.20027855046,13813.2936204487,9,0,0,0.4425,0.4425,-17592475.7670982,TRUE,2,3,5,2
10000,100,3,-6865.20027855046,13859.3453223086,14,0,0,0.4425,0.4425,5959805.79145592,TRUE,2,3,5,2
10000,100,4,-6865.20027855046,13905.3970241685,19,0,0,0.4425,0.4425,-1490023.42091144,TRUE,2,3,5,2
10000,100,5,-6845.72993565613,13912.5080402397,24,-0.364565646226583,-0.817144896394206,0.4425,0.446145656462266,-143335.233745917,TRUE,2,3,5,2
